orderId,actualBoxId,actualUtilization,algorithmBoxId,algorithmUtilization,status
"TSHE2026030900038224","LOREAL03H",0.1503527244,"LOREAL02L",0.3642084627,"OK"
"TSHD2026030900013001","LOREAL01H",0.0633368056,"C0000001H",0.1144533333,"OK"
"TSHD2026030100027042","LRLC0003W",0.1183574879,"C0000001H",0.3586928105,"OK"
"TSHD2026031100025309","LOREAL01H",0.2896412037,"C0000001H",0.5233986928,"OK"
"TSHD2026030100082028","LOREAL03H",0.0930892628,"LOREAL02L",0.2254957298,"OK"
"TSHE2026030800149720","LRLC0003W",0.2831684351,"LOREAL17H",0.2076472988,"OK"
"TSHE2026030800073641","C0000011W",0.8177158624,"LOREAL04G",0.7982168724,"OK"
"TSHD2026030900085052","LOREAL04H",0.4405183128,"C0000006H",0.6364206302,"OK"
"TSHD2026030800003892","LRLC0003W",0.1978047360,"C0000001H",0.5994647059,"OK"
"TSHD2026030500075525","LOREAL03H",0.3851115385,"LOREAL03G",0.3851115385,"OK"
"TSHD2026030600077985","LOREAL01H",0.2166024306,"C0000001H",0.3914133333,"OK"
"TSHD2026022800089586","C0000009W",0.2596732796,"C0000006H",0.7904326877,"OK"
"TSHE2026030400104952","LOREAL04H",0.5851279424,"C0000011W",0.5994215564,"OK"
"TSHD2026030500000174","LRLC0003W",0.3454106280,"LOREAL02L",0.3885869565,"OK"
"TSHE2026030600119908","C0000011W",0.5036814071,"C0000011W",0.5036814071,"OK"
"TSHE2026030600154909","LOREAL04H",0.4064427778,"C0000006H",0.5871914090,"OK"
"TSHE2026030500126701","C0000009W",0.3236450449,"LRLF0005L",0.6016842547,"OK"
"TSHE2026030700099710","LRLC0003W",0.2831684351,"LOREAL17H",0.2076472988,"OK"
"TSHD2026030800017109","LRLC0003W",0.4190144928,"LOREAL02L",0.4713913043,"OK"
"TSHD2026031000042615","LRLC0003W",0.2459862664,"LOREAL01G",0.4125394676,"OK"
"TSHD2026022600124067","LOREAL04H",0.3327413333,"LOREAL03G",0.5183086154,"OK"
"TSHE2026030500202276","C0000011W",0.4994350890,"C0000011W",0.4994350890,"OK"
"TSHE2026030500136782","C0000011W",0.4994350890,"C0000011W",0.4994350890,"OK"
"TSHD2026022700038538","LOREAL04H",0.4437812757,"LOREAL03G",0.6912746795,"OK"
"TSHD2026022600075550","LOREAL04H",0.5157552469,"C0000007H",0.6086494263,"OK"
"TSHE2026030500288571","C0000011W",0.4994350890,"C0000011W",0.4994350890,"OK"
"TSHE2026030200070070","C0000009W",0.4419549778,"LOREAL09H",0.5837916538,"OK"
"TSHD2026022500113976","LRLC0003W",0.1978047360,"C0000001H",0.5994647059,"OK"
"TSHD2026030500095658","LOREAL03H",0.3568305769,"LOREAL03G",0.3568305769,"OK"
"TSHE2026030600035139","LOREAL04H",0.4666517490,"C0000007H",0.5507017544,"OK"
"TSHD2026030600019264","LRLC0003W",0.1653672981,"LOREAL01G",0.2773347396,"OK"
"TSHD2026030400010067","LOREAL01H",0.1374735966,"C0000001H",0.2484228758,"OK"
"TSHE2026030200024552","LOREAL04H",0.4004663786,"C0000006H",0.5785572533,"OK"
"TSHE2026030700088066","LRLC0003W",0.3517159541,"LOREAL02L",0.3956804484,"OK"
"TSHD2026030700012259","LOREAL01H",0.0191250000,"C0000001H",0.0345600000,"OK"
"TSHD2026030300046636","LRLC0003W",0.2228657695,"LOREAL01G",0.3737644676,"OK"
"TSHD2026030300048868","LOREAL03H",0.1075686538,"LOREAL17H",0.1698452429,"OK"
"TSHE2026030800218865","LOREAL04H",0.5293280864,"C0000007H",0.6246669095,"OK"
"TSHD2026030400083489","LRLC0003W",0.3517159541,"LOREAL02L",0.3956804484,"OK"
"TSHE2026031000063181","LOREAL03H",0.3588673397,"LRLC0003W",0.7727164251,"OK"
"TSHD2026022500109582","C0000011W",0.5036814071,"C0000011W",0.5036814071,"OK"
"TSHD2026030300000823","LRLC0003W",0.1083933851,"LOREAL01G",0.1817847396,"OK"
"TSHE2026030500154553","C0000009W",0.3236450449,"LRLF0005L",0.6016842547,"OK"
"TSHD2026030200041787","C0000011W",0.4994350890,"C0000011W",0.4994350890,"OK"
"TSHD2026022700050039","LOREAL04H",0.5157552469,"C0000007H",0.6086494263,"OK"
"TSHD2026030400010074","LRLC0003W",0.3259840839,"LOREAL02L",0.3667320943,"OK"
"TSHE2026030400112348","C0000011W",0.5284700397,"C0000011W",0.5284700397,"OK"
"TSHD2026030900081533","LOREAL04H",0.4405183128,"C0000006H",0.6364206302,"OK"
"TSHD2026031100000073","C0000011W",0.5036814071,"C0000011W",0.5036814071,"OK"
"TSHD2026030100074289","LOREAL01H",0.0633368056,"C0000001H",0.1144533333,"OK"
"TSHD2026030700092661","LRLC0003W",0.1653672981,"LOREAL01G",0.2773347396,"OK"
"TSHD2026022500097841","LOREAL04H",0.5157552469,"C0000007H",0.6086494263,"OK"
"TSHD2026030600085275","LRLC0003W",0.1653672981,"LOREAL01G",0.2773347396,"OK"
"TSHD2026022500175255","LOREAL04H",0.5157552469,"C0000007H",0.6086494263,"OK"
"TSHE2026030600104375","LOREAL03H",0.3588673397,"LRLC0003W",0.7727164251,"OK"
"TSHD2026030700090247","LRLC0003W",0.1978047360,"C0000001H",0.5994647059,"OK"
"TSHD2026030600039901","LRLC0003W",0.1083933851,"LOREAL01G",0.1817847396,"OK"
"TSHD2026030900066578","LRLC0003W",0.1942028986,"C0000001H",0.5885490196,"OK"
"TSHD2026030100071097","LOREAL03H",0.2235179487,"LOREAL03G",0.2235179487,"OK"
"TSHD2026022500027836","LRLC0003W",0.2110393375,"LOREAL01G",0.3539305556,"OK"
"TSHE2026030500160537","LOREAL04H",0.4666517490,"C0000007H",0.5507017544,"OK"
"TSHD2026030600040984","LRLC0003W",0.2518178744,"LOREAL01G",0.4223195602,"OK"
"TSHD2026022700019200","C0000009W",0.3288168123,"C0000007H",0.8175887816,"OK"
"TSHD2026030600029516","LRLC0003W",0.3346890959,"LOREAL02L",0.3765252329,"OK"
"TSHD2026031000034474","LRLC0003W",0.1431331953,"LOREAL01G",0.2400462963,"OK"
"TSHD2026030800083237","LOREAL01H",0.2227813947,"LOREAL01G",0.2227813947,"OK"
"TSHD2026030400068632","LRLC0003W",0.2102398206,"C0000001H",0.6371503268,"OK"
"TSHE2026030400104761","LOREAL03H",0.5689354968,"LOREAL03G",0.5689354968,"OK"
"TSHE2026030400085059","LOREAL03H",0.5284365385,"LOREAL03G",0.5284365385,"OK"
"TSHE2026030100089097","C0000009W",0.3551121181,"LOREAL04G",0.7482088477,"OK"
"TSHD2026030800123283","LRLC0003W",0.6377508195,"LOREAL17H",0.4676624178,"OK"
"TSHD2026030900061223","LOREAL01H",0.0633368056,"C0000001H",0.1144533333,"OK"
"TSHE2026030200087022","C0000009W",0.2082146136,"LRLZ0003H",0.5926166396,"OK"
"TSHD2026031100017099","LRLC0003W",0.1653672981,"LOREAL01G",0.2773347396,"OK"
"TSHE2026031000047826","LRLC0003W",0.2299493444,"LOREAL01G",0.3856442130,"OK"
"TSHD2026030500089786","LOREAL03H",0.1983844151,"LOREAL17H",0.3132385501,"OK"
"TSHD2026030700023970","LRLC0003W",0.3328853951,"LOREAL02L",0.3744960695,"OK"
"TSHD2026030500090200","LOREAL03H",0.1314922772,"LOREAL01G",0.4748332234,"OK"
"TSHD2026030900085714","LOREAL04H",0.4405183128,"C0000006H",0.6364206302,"OK"
"TSHE2026030300000992","LOREAL03H",0.1420721050,"LOREAL01G",0.5130381568,"OK"
"TSHD2026030400008944","C0000009W",0.2003231908,"LOREAL03G",0.6574613862,"OK"
"TSHE2026030800286153","LOREAL01H",0.1112997685,"C0000001H",0.2011252288,"OK"
"TSHD2026030600100730","LOREAL01H",0.1909062500,"C0000001H",0.3449788235,"OK"
"TSHE2026030200074571","LOREAL03H",0.1177143830,"LOREAL17H",0.1858648153,"OK"
"TSHE2026030400112023","LOREAL03H",0.5424990385,"LOREAL03G",0.5424990385,"OK"
"TSHD2026030100045946","LOREAL06H",0.5591150731,"C0000009H",0.6270479730,"OK"
"TSHD2026022500050759","LOREAL03H",0.2629845545,"LOREAL02L",0.6370433307,"OK"
"TSHD2026030500073120","LOREAL01H",0.0633368056,"C0000001H",0.1144533333,"OK"
"TSHE2026031000053330","C0000009W",0.2927459732,"C0000007H",0.7279002003,"OK"
"TSHD2026030700083056","LOREAL04H",0.5157552469,"C0000007H",0.6086494263,"OK"
"TSHD2026030700007125","LRLC0003W",0.1431331953,"LOREAL01G",0.2400462963,"OK"
"TSHD2026022800090953","LOREAL03H",0.1535578526,"LOREAL02L",0.3719724379,"OK"
"TSHD2026030300058126","LOREAL03H",0.1890631410,"LOREAL02L",0.4579790373,"OK"
"TSHE2026030700196239","LOREAL03H",0.3536254487,"LOREAL03G",0.3536254487,"OK"
"TSHD2026030700060562","LOREAL03H",0.1444606090,"LOREAL01G",0.5216633102,"OK"
"TSHD2026030600073497","LOREAL01H",0.0633368056,"C0000001H",0.1144533333,"OK"
"TSHD2026030100051448","LOREAL01H",0.0808242188,"C0000001H",0.1460541176,"OK"
"TSHE2026030500135207","C0000011W",0.4994350890,"C0000011W",0.4994350890,"OK"
"TSHD2026030700060298","LRLC0003W",0.1839275362,"LOREAL01G",0.3084618056,"OK"
"TSHD2026030200086398","LOREAL03H",0.1314922772,"LOREAL01G",0.4748332234,"OK"
"TSHD2026030700009360","LOREAL04H",0.2898969907,"C0000006H",0.4188166989,"OK"
"TSHD2026030200064567","LOREAL04H",0.4405183128,"C0000006H",0.6364206302,"OK"
"TSHE2026022800098289","LOREAL03H",0.2006087620,"LOREAL17H",0.3167506769,"OK"
"TSHE2026030800187234","LOREAL04H",0.3099200412,"LOREAL03G",0.4827600641,"OK"
"TSHD2026031000066216","LRLC0003W",0.1339522947,"C0000001H",0.4059542484,"OK"
"TSHE2026030500298556","LRLC0003W",0.3740085835,"LOREAL02L",0.4207596564,"OK"
"TSHD2026030200013558","C0000011W",0.4994350890,"C0000011W",0.4994350890,"OK"
"TSHD2026030500044486","LRLC0003W",0.1083933851,"LOREAL01G",0.1817847396,"OK"
"TSHD2026030600089135","C0000009W",0.3169689831,"LOREAL18H",0.4133747254,"OK"
"TSHD2026030700043927","LOREAL03H",0.2064562500,"LOREAL17H",0.3259835526,"OK"
"TSHD2026022700032254","LOREAL04H",0.2898969907,"C0000006H",0.4188166989,"OK"
"TSHD2026030400074114","LRLC0003W",0.2102398206,"C0000001H",0.6371503268,"OK"
"TSHE2026030900109858","C0000009W",0.3176481922,"C0000007H",0.7898184909,"OK"
"TSHD2026030900005466","LOREAL04H",0.3984337295,"LOREAL03G",0.6206371556,"OK"
"TSHE2026030400112817","LOREAL03H",0.5689354968,"LOREAL03G",0.5689354968,"OK"
"TSHD2026030100058033","LOREAL03H",0.3851115385,"LOREAL03G",0.3851115385,"OK"
"TSHE2026030800064574","LOREAL03H",0.5424990385,"LOREAL03G",0.5424990385,"OK"
"TSHE2026030500122570","LOREAL03H",0.1102664663,"LOREAL17H",0.1741049469,"OK"
"TSHD2026030400040188","C0000011W",0.5155735217,"C0000011W",0.5155735217,"OK"
"TSHE2026030700083681","LRLC0003W",0.1204635524,"LOREAL17H",0.0883358742,"OK"
"TSHD2026030800091317","LRLC0003W",0.1978047360,"C0000001H",0.5994647059,"OK"
"TSHE2026030400016988","LOREAL03H",0.1718221154,"LOREAL03G",0.1718221154,"OK"
"TSHE2026030600084862","C0000011W",0.0759137541,"LOREAL01G",0.4168324074,"OK"
"TSHD2026030500032578","LOREAL03H",0.1314922772,"LOREAL01G",0.4748332234,"OK"
"TSHD2026030300067059","LOREAL03H",0.1983844151,"LOREAL17H",0.3132385501,"OK"
"TSHD2026030100111092","LOREAL01H",0.2896412037,"C0000001H",0.5233986928,"OK"
"TSHD2026030300026653","C0000009W",0.3123893264,"LOREAL18H",0.4074021715,"OK"
"TSHD2026030800009853","LRLC0003W",0.3517159541,"LOREAL02L",0.3956804484,"OK"
"TSHD2026022500035800","LRLC0003W",0.4712049689,"LOREAL02L",0.5301055901,"OK"
"TSHD2026030200011709","LRLC0003W",0.1656308075,"LOREAL01G",0.2777766667,"OK"
"TSHD2026030900084505","LOREAL04H",0.4405183128,"C0000006H",0.6364206302,"OK"
"TSHD2026022700052452","LOREAL04H",0.3327413333,"LOREAL03G",0.5183086154,"OK"
"TSHE2026030700176135","LOREAL03H",0.3851115385,"LOREAL03G",0.3851115385,"OK"
"TSHD2026022600023219","LOREAL01H",0.3639843750,"LOREAL01G",0.3639843750,"OK"
"TSHE2026030400101790","LOREAL03H",0.1503527244,"LOREAL02L",0.3642084627,"OK"
"TSHD2026030500005778","LOREAL03H",0.1983844151,"LOREAL17H",0.3132385501,"OK"
"TSHD2026022500051726","LOREAL03H",0.1314922772,"LOREAL01G",0.4748332234,"OK"
"TSHE2026030500185757","C0000011W",0.4994350890,"C0000011W",0.4994350890,"OK"
"TSHD2026022500028568","LOREAL03H",0.1524306891,"LOREAL02L",0.3692420419,"OK"
"TSHD2026030700091610","LRLC0003W",0.3282151484,"LOREAL02L",0.3692420419,"OK"
"TSHD2026022800082317","LOREAL01H",0.2059265046,"C0000001H",0.3721213072,"OK"
"TSHD2026022500073441","LOREAL04H",0.3327413333,"LOREAL03G",0.5183086154,"OK"
"TSHD2026030300073608","LOREAL01H",0.0633368056,"C0000001H",0.1144533333,"OK"
"TSHE2026030800223438","C0000009W",0.3743711395,"LOREAL04G",0.7887869342,"OK"
"TSHD2026030800080107","C0000009W",0.2736497899,"LRLF0005L",0.5087387323,"OK"
"TSHE2026030700153998","LRLC0003W",0.6533954451,"LOREAL02G",0.5880559006,"OK"
"TSHD2026022800077059","C0000010H",0.3434509920,"C0000009H",0.6576897426,"OK"
"TSHE2026030600155438","LOREAL03H",0.3851115385,"LOREAL03G",0.3851115385,"OK"
"TSHD2026030700071369","LRLC0003W",0.1653672981,"LOREAL01G",0.2773347396,"OK"
"TSHE2026030500234759","C0000011W",0.4994350890,"C0000011W",0.4994350890,"OK"
"TSHD2026030400024061","C0000009W",0.3679821790,"LOREAL04G",0.7753256173,"OK"
"TSHE2026030100051331","C0000009W",0.3492621303,"LOREAL05G",0.5220248139,"OK"
"TSHE2026030900013371","LRLC0003W",0.1204635524,"LOREAL17H",0.0883358742,"OK"
"TSHD2026030500030819","LRLC0003W",0.2049151139,"LOREAL01G",0.3436597222,"OK"
"TSHE2026030800248132","C0000009W",0.3743711395,"LOREAL04G",0.7887869342,"OK"
"TSHE2026031100030613","C0000010H",0.3048517116,"C0000009H",0.5837742455,"OK"
"TSHE2026030900121831","LRLC0003W",0.2831684351,"LOREAL17H",0.2076472988,"OK"
"TSHE2026030800163279","LOREAL03H",0.5115205929,"LOREAL03G",0.5115205929,"OK"
"TSHD2026030100004043","LOREAL01H",0.0633368056,"C0000001H",0.1144533333,"OK"
"TSHD2026030400053603","LRLC0003W",0.4190144928,"LOREAL02L",0.4713913043,"OK"
"TSHD2026030700051013","LOREAL03H",0.1314922772,"LOREAL01G",0.4748332234,"OK"
"TSHE2026030800199616","LOREAL03H",0.1503527244,"LOREAL02L",0.3642084627,"OK"
"TSHD2026030700003715","LOREAL04H",0.3327413333,"LOREAL03G",0.5183086154,"OK"
"TSHD2026022600074857","C0000011W",0.3406734878,"C0000011W",0.3406734878,"OK"
"TSHD2026022600066349","LOREAL03H",0.0981871795,"LOREAL17H",0.1550323887,"OK"
"TSHD2026030100091984","LRLC0003W",0.1549232229,"LOREAL01G",0.2598191551,"OK"
"TSHE2026030600161048","LRLC0003W",0.2780538302,"LOREAL02L",0.3128105590,"OK"
"TSHD2026030500067035","LOREAL03H",0.3925594551,"LOREAL03G",0.3925594551,"OK"
"TSHD2026030300069708","LOREAL03H",0.1983844151,"LOREAL17H",0.3132385501,"OK"
"TSHE2026030800015433","LRLC0003W",0.3517159541,"LOREAL02L",0.3956804484,"OK"
"TSHD2026030100088049","LRLC0003W",0.1083933851,"LOREAL01G",0.1817847396,"OK"
"TSHE2026030900146178","LOREAL03H",0.3536254487,"LOREAL03G",0.3536254487,"OK"
"TSHE2026030600103540","LRLC0003W",0.3611028934,"LOREAL02L",0.4062407550,"OK"
"TSHD2026030500058970","LOREAL03H",0.3568305769,"LOREAL03G",0.3568305769,"OK"
"TSHD2026030900074479","C0000009W",0.3011152360,"LRLF0005L",0.5597993827,"OK"
"TSHE2026030800149931","LRLC0003W",0.3517159541,"LOREAL02L",0.3956804484,"OK"
"TSHD2026022500112046","LOREAL01H",0.2800098380,"C0000001H",0.5059942484,"OK"
"TSHD2026030500020649","LOREAL03H",0.4228258013,"LOREAL03G",0.4228258013,"OK"
"TSHE2026030200047671","LOREAL04H",0.4852400412,"C0000011W",0.4970935750,"OK"
"TSHD2026030100014652","LRLC0003W",0.1978047360,"C0000001H",0.5994647059,"OK"
"TSHD2026030500071073","LRLC0003W",0.3237408558,"LOREAL02L",0.3642084627,"OK"
"TSHD2026030400078970","LRLC0003W",0.1653672981,"LOREAL01G",0.2773347396,"OK"
"TSHE2026030900014300","LOREAL03H",0.3536254487,"LOREAL03G",0.3536254487,"OK"
"TSHE2026030800198524","LRLC0003W",0.2831684351,"LOREAL17H",0.2076472988,"OK"
"TSHE2026030600068190","LRLC0003W",0.4130503796,"LOREAL02L",0.4646816770,"OK"
"TSHE2026030300047883","C0000009W",0.2932024777,"LRLF0005L",0.5450888775,"OK"
"TSHE2026030500288694","C0000011W",0.4994350890,"C0000011W",0.4994350890,"OK"
"TSHE2026030100089665","LOREAL01H",0.0633368056,"C0000001H",0.1144533333,"OK"
"TSHD2026030400003790","LOREAL01H",0.1406394676,"C0000001H",0.2541437908,"OK"
"TSHE2026030800153741","LOREAL04H",0.5293280864,"C0000007H",0.6246669095,"OK"
"TSHD2026030900067000","C0000009W",0.3169689831,"LOREAL18H",0.4133747254,"OK"
"TSHE2026030700089833","LRLC0003W",0.2831684351,"LOREAL17H",0.2076472988,"OK"
"TSHE2026030200034830","LRLC0003W",0.4130503796,"LOREAL02L",0.4646816770,"OK"
"TSHD2026030400076749","LOREAL01H",0.1789590567,"LOREAL01G",0.1789590567,"OK"
"TSHD2026030800072438","LOREAL01H",0.1406394676,"C0000001H",0.2541437908,"OK"
"TSHD2026030600009629","LRLC0003W",0.1978047360,"C0000001H",0.5994647059,"OK"
"TSHE2026030600109803","LOREAL03H",0.5689354968,"LOREAL03G",0.5689354968,"OK"
"TSHE2026030100018175","C0000009W",0.4310358047,"LOREAL05G",0.6442478762,"OK"
"TSHD2026030200046580","C0000011W",0.6130407047,"LRLF0005L",0.5280197054,"OK"
"TSHD2026030800127082","LRLC0003W",0.3437865769,"LOREAL01G",0.5765587384,"OK"
"TSHE2026030600078341","LOREAL03H",0.1315099559,"LOREAL17H",0.2076472988,"OK"
"TSHE2026030700078871","C0000011W",0.4209413357,"LOREAL03G",0.6400615385,"OK"
"TSHE2026030100032331","LOREAL03H",0.3536254487,"LOREAL03G",0.3536254487,"OK"
"TSHD2026030800117747","LOREAL03H",0.2436230769,"LOREAL02L",0.5901428571,"OK"
"TSHD2026022800089833","LRLC0003W",0.1869175293,"LOREAL02L",0.2102822205,"OK"
"TSHD2026030800065257","LRLC0003W",0.3237408558,"LOREAL02L",0.3642084627,"OK"
"TSHD2026030200027754","LRLC0003W",0.1904692892,"LOREAL01G",0.3194328704,"OK"
"TSHD2026031000031563","LOREAL01H",0.0191250000,"C0000001H",0.0345600000,"OK"
"TSHD2026030200020189","LRLC0003W",0.1687828675,"C0000001H",0.5115113725,"OK"
"TSHE2026030200106245","LRLC0003W",0.7210351967,"LOREAL02G",0.6489316770,"OK"
"TSHD2026030600041963","LOREAL01H",0.3255635127,"C0000001H",0.5883124183,"OK"
"TSHE2026030600154716","LOREAL04H",0.2795493858,"LOREAL03G",0.4354519279,"OK"
"TSHD2026030600033093","LRLC0003W",0.1591692547,"LOREAL02L",0.1790654115,"OK"
"TSHE2026030300007565","LOREAL03H",0.0633939704,"LOREAL17H",0.1000957427,"OK"
"TSHE2026030800232559","C0000011W",0.7382881088,"LOREAL05G",0.5112421544,"OK"
"TSHE2026031100011754","LRLC0003W",0.1371095152,"LOREAL17H",0.1005423520,"OK"
"TSHD2026030400063967","LOREAL01H",0.2896412037,"C0000001H",0.5233986928,"OK"
"TSHE2026030700163894","LOREAL04H",0.4128882716,"C0000006H",0.5965032699,"OK"
"TSHD2026030100019304","C0000009W",0.2324950904,"LRLZ0003H",0.6617232903,"OK"
"TSHE2026030200054071","LRLC0003W",0.1083933851,"LOREAL01G",0.1817847396,"OK"
"TSHD2026030700009594","C0000009W",0.3736292341,"LOREAL04G",0.7872237654,"OK"
"TSHE2026030100004951","LOREAL03H",0.1983844151,"LOREAL17H",0.3132385501,"OK"
"TSHD2026030100030534","C0000009W",0.2471959918,"C0000011W",0.5335563467,"OK"
"TSHE2026030500265460","C0000011W",0.4994350890,"C0000011W",0.4994350890,"OK"
"TSHE2026030800236125","C0000011W",0.7382881088,"LOREAL05G",0.5112421544,"OK"
"TSHD2026031100000987","LOREAL01H",0.1603368056,"C0000001H",0.2897380392,"OK"
"TSHE2026030900048137","C0000011W",0.4994350890,"C0000011W",0.4994350890,"OK"
"TSHE2026030800247966","LOREAL03H",0.1415887037,"LOREAL02L",0.3429788474,"OK"
"TSHD2026030900024082","LRLC0003W",0.3749620428,"LRLC0003W",0.3749620428,"OK"
"TSHD2026030200063819","LOREAL04H",0.4405183128,"C0000006H",0.6364206302,"OK"
"TSHD2026030400008286","C0000009W",0.2003231908,"LOREAL03G",0.6574613862,"OK"
"TSHD2026030700034622","LOREAL03H",0.1503527244,"LOREAL02L",0.3642084627,"OK"
"TSHD2026030800000099","LOREAL03H",0.0929736218,"LOREAL17H",0.1468004555,"OK"
"TSHE2026030300007760","LOREAL03H",0.1177143830,"LOREAL17H",0.1858648153,"OK"
"TSHE2026030600120105","C0000011W",0.5036814071,"C0000011W",0.5036814071,"OK"
"TSHD2026030400024664","LRLC0003W",0.1653672981,"LOREAL01G",0.2773347396,"OK"
"TSHE2026030900011348","LRLC0003W",0.3517159541,"LOREAL02L",0.3956804484,"OK"
"TSHE2026030600006044","LRLC0003W",0.1924495342,"C0000001H",0.5832352941,"OK"
"TSHD2026030900006188","LOREAL03H",0.3892000000,"LOREAL17H",0.6145263158,"OK"
"TSHD2026030500072802","LOREAL03H",0.3892000000,"LOREAL17H",0.6145263158,"OK"
"TSHD2026030500036665","LOREAL01H",0.2896412037,"C0000001H",0.5233986928,"OK"
"TSHE2026030300058614","LOREAL03H",0.3536254487,"LOREAL03G",0.3536254487,"OK"
"TSHD2026022700018099","LOREAL04H",0.4618703704,"C0000007H",0.5450591878,"OK"
"TSHD2026022800032003","C0000011W",0.5036814071,"C0000011W",0.5036814071,"OK"
"TSHD2026030100113174","LRLC0003W",0.1083933851,"LOREAL01G",0.1817847396,"OK"
"TSHD2026030300021320","LOREAL03H",0.3536254487,"LOREAL03G",0.3536254487,"OK"
"TSHE2026030600038195","C0000009W",0.2932024777,"LRLF0005L",0.5450888775,"OK"
"TSHD2026030100054809","LRLC0003W",0.2367149758,"C0000001H",0.7173856209,"OK"
"TSHD2026022500055078","LOREAL04H",0.4437812757,"LOREAL03G",0.6912746795,"OK"
"TSHD2026030200065344","LOREAL04H",0.4405183128,"C0000006H",0.6364206302,"OK"
"TSHD2026022600053413","LOREAL03H",0.1314922772,"LOREAL01G",0.4748332234,"OK"
"TSHE2026030500012611","LOREAL03H",0.1983844151,"LOREAL17H",0.3132385501,"OK"
"TSHD2026030100050853","LRLC0003W",0.1978047360,"C0000001H",0.5994647059,"OK"
"TSHD2026030100047097","LRLC0003W",0.1653672981,"LOREAL01G",0.2773347396,"OK"
"TSHD2026030800124243","LOREAL04H",0.3327413333,"LOREAL03G",0.5183086154,"OK"
"TSHE2026031100031902","LRLC0003W",0.1933467046,"LOREAL01G",0.3242585359,"OK"
"TSHD2026022800089577","C0000009W",0.3462310394,"C0000011W",0.7473170061,"OK"
"TSHD2026030200024923","C0000011W",0.4994350890,"C0000011W",0.4994350890,"OK"
"TSHD2026022500031069","LRLC0003W",0.2110393375,"LOREAL01G",0.3539305556,"OK"
"TSHE2026030600069053","C0000011W",0.0759137541,"LOREAL01G",0.4168324074,"OK"
"TSHE2026030400144609","LOREAL04H",0.2436664763,"C0000006H",0.3520270734,"OK"
"TSHD2026030800082755","LOREAL01H",0.1197547020,"C0000001H",0.2164037908,"OK"
"TSHD2026030200046192","LOREAL01H",0.1374735966,"C0000001H",0.2484228758,"OK"
"TSHE2026030600106952","LOREAL03H",0.1315099559,"LOREAL17H",0.2076472988,"OK"
"TSHD2026030900062500","C0000011W",0.4994350890,"C0000011W",0.4994350890,"OK"
"TSHD2026022500134824","LOREAL03H",0.1983844151,"LOREAL17H",0.3132385501,"OK"
"TSHD2026030800028728","LOREAL04H",0.5864055556,"C0000007H",0.6920247678,"OK"
"TSHE2026030800096862","LRLC0003W",0.4190144928,"LOREAL02L",0.4713913043,"OK"
"TSHD2026030900040827","LOREAL04H",0.6322885802,"C0000007H",0.7461719177,"OK"
"TSHE2026030300062310","LOREAL03H",0.1177143830,"LOREAL17H",0.1858648153,"OK"
"TSHD2026030600065197","LOREAL01H",0.0633368056,"C0000001H",0.1144533333,"OK"
"TSHE2026030500041868","LOREAL03H",0.1983844151,"LOREAL17H",0.3132385501,"OK"
"TSHE2026030700158567","LRLC0003W",0.2831684351,"LOREAL17H",0.2076472988,"OK"
"TSHE2026030400088173","LOREAL03H",0.2292058894,"LOREAL17H",0.3619040359,"OK"
"TSHD2026030900062229","C0000011W",0.4994350890,"C0000011W",0.4994350890,"OK"
"TSHE2026030800126380","LRLC0003W",0.1204635524,"LOREAL17H",0.0883358742,"OK"
"TSHE2026031000080686","LOREAL03H",0.2084861779,"LOREAL17H",0.3291887019,"OK"
"TSHD2026030400068896","LOREAL03H",0.3892000000,"LOREAL17H",0.6145263158,"OK"
"TSHD2026030500027857","C0000011W",0.4994350890,"C0000011W",0.4994350890,"OK"
"TSHD2026022800085138","LOREAL01H",0.3157834201,"C0000001H",0.5706392157,"OK"
"TSHE2026030500177956","C0000011W",0.4994350890,"C0000011W",0.4994350890,"OK"
"TSHD2026030700080272","LOREAL03H",0.3536254487,"LOREAL03G",0.3536254487,"OK"
"TSHE2026030400074365","LRLC0003W",0.2793008972,"LOREAL02L",0.3142135093,"OK"
"TSHD2026030500001575","LOREAL03H",0.1983844151,"LOREAL17H",0.3132385501,"OK"
"TSHE2026031000097377","LOREAL04H",0.3745015432,"C0000006H",0.5410456302,"OK"
"TSHE2026030600034520","LRLC0003W",0.1924495342,"C0000001H",0.5832352941,"OK"
"TSHE2026030700086579","LOREAL04H",0.4666517490,"C0000007H",0.5507017544,"OK"
"TSHD2026030800053307","C0000011W",0.0000000000,"C0000001H",0.0000000000,"OK"
"TSHE2026030600072182","LOREAL03H",0.2983782051,"LOREAL02L",0.7227795031,"OK"
"TSHE2026030800293472","LRLC0003W",0.1083933851,"LOREAL01G",0.1817847396,"OK"
"TSHE2026030500153396","LOREAL04H",0.6168055556,"C0000007H",0.7279002003,"OK"
"TSHD2026030700068886","LOREAL03H",0.1932762821,"LOREAL02L",0.4681847826,"OK"
"TSHE2026030700084434","LRLC0003W",0.3517159541,"LOREAL02L",0.3956804484,"OK"
"TSHE2026030300032705","LOREAL01H",0.0633368056,"C0000001H",0.1144533333,"OK"
"TSHE2026031000025745","LOREAL03H",0.4054343590,"C0000006H",0.3760271106,"OK"
"TSHD2026030400029391","C0000011W",0.4994350890,"C0000011W",0.4994350890,"OK"
"TSHE2026022800085034","LOREAL03H",0.1650000000,"LOREAL02L",0.3996894410,"OK"
"TSHD2026030100077317","C0000011W",0.4200128159,"LRLZ0003H",0.5538425405,"OK"
"TSHE2026030100054303","LOREAL03H",0.1415887037,"LOREAL02L",0.3429788474,"OK"
"TSHE2026030500139119","C0000011W",0.4994350890,"C0000011W",0.4994350890,"OK"
"TSHD2026030800110796","LOREAL03H",0.1510211683,"LOREAL01G",0.5453542188,"OK"
"TSHD2026022500050894","LOREAL04H",0.4437812757,"LOREAL03G",0.6912746795,"OK"
"TSHD2026022500098361","LRLC0003W",0.1978047360,"C0000001H",0.5994647059,"OK"
"TSHD2026031000030458","C0000009W",0.3415674868,"LRLF0005L",0.6350036311,"OK"
"TSHD2026030700021331","C0000011W",0.5036814071,"C0000011W",0.5036814071,"OK"
"TSHD2026022500122030","LOREAL03H",0.1519989183,"LOREAL17H",0.2399982920,"OK"
"TSHE2026030100089279","LOREAL01H",0.2896412037,"C0000001H",0.5233986928,"OK"
"TSHD2026030100032870","LRLC0003W",0.1653672981,"LOREAL01G",0.2773347396,"OK"
"TSHE2026030700216054","LRLC0003W",0.2831684351,"LOREAL17H",0.2076472988,"OK"
"TSHD2026030900037079","LRLC0003W",0.2663757764,"LOREAL01G",0.4467343750,"OK"
"TSHD2026030700090514","LOREAL04H",0.4219897505,"C0000006H",0.6096522555,"OK"
"TSHE2026030500271363","C0000009W",0.2313876555,"C0000011W",0.4994350890,"OK"
"TSHD2026030300024459","LRLC0003W",0.1904692892,"LOREAL01G",0.3194328704,"OK"
"TSHE2026030500051317","C0000009W",0.2932024777,"LRLF0005L",0.5450888775,"OK"
"TSHE2026030400160426","LOREAL03H",0.5284365385,"LOREAL03G",0.5284365385,"OK"
"TSHD2026030900061328","C0000009W",0.0000000000,"C0000001H",0.0000000000,"OK"
"TSHE2026030700179213","LRLC0003W",0.4190144928,"LOREAL02L",0.4713913043,"OK"
"TSHD2026030100057042","LOREAL03H",0.0981871795,"LOREAL17H",0.1550323887,"OK"
"TSHD2026030900027575","C0000009W",0.3011152360,"LRLF0005L",0.5597993827,"OK"
"TSHD2026031100017623","LRLC0003W",0.3237408558,"LOREAL02L",0.3642084627,"OK"
"TSHD2026030600095721","LOREAL01H",0.1532027633,"C0000001H",0.2768464052,"OK"
"TSHD2026030500022198","LOREAL01H",0.1460659722,"C0000001H",0.2639498039,"OK"
"TSHD2026022700030893","LOREAL03H",0.1314922772,"LOREAL01G",0.4748332234,"OK"
"TSHD2026030800037653","C0000011W",0.1635671654,"LOREAL03G",0.2487117388,"OK"
"TSHE2026030500269278","C0000011W",0.4994350890,"C0000011W",0.4994350890,"OK"
"TSHE2026030900084968","LOREAL03H",0.1825193710,"LOREAL03G",0.1825193710,"OK"
"TSHD2026030900106886","LRLC0003W",0.2878988958,"LOREAL01G",0.4828304398,"OK"
"TSHD2026030100088219","C0000011W",0.4994350890,"C0000011W",0.4994350890,"OK"
"TSHD2026022600035978","LOREAL03H",0.0981871795,"LOREAL17H",0.1550323887,"OK"
"TSHE2026030500139049","LOREAL03H",0.1549302484,"LOREAL17H",0.2446267080,"OK"
"TSHD2026030600090057","LRLC0003W",0.1653672981,"LOREAL01G",0.2773347396,"OK"
"TSHD2026030100030352","LRLC0003W",0.2780538302,"LOREAL02L",0.3128105590,"OK"
"TSHD2026022800094371","C0000011W",0.0751319215,"LOREAL01G",0.4125394676,"OK"
"TSHD2026030600089500","LRLC0003W",0.2753761215,"LOREAL01G",0.4618287037,"OK"
"TSHD2026030800071925","LRLC0003W",0.2680083506,"LOREAL01G",0.4494723380,"OK"
"TSHD2026030900061978","C0000009W",0.0000000000,"C0000001H",0.0000000000,"OK"
"TSHD2026031000053147","C0000009W",0.2486676930,"C0000011W",0.5367329172,"OK"
"TSHD2026031000038774","LRLC0003W",0.4377225673,"LOREAL02L",0.4924378882,"OK"
"TSHD2026030400021679","LRLC0003W",0.1978047360,"C0000001H",0.5994647059,"OK"
"TSHD2026030500082135","LRLC0003W",0.1448378192,"C0000001H",0.4389437908,"OK"
"TSHE2026030400101893","LRLC0003W",0.2374267598,"LOREAL17H",0.1741049469,"OK"
"TSHE2026030700123170","LRLC0003W",0.2831684351,"LOREAL17H",0.2076472988,"OK"
"TSHD2026030900085713","LOREAL04H",0.4405183128,"C0000006H",0.6364206302,"OK"
"TSHD2026030300049589","LRLC0003W",0.1653672981,"LOREAL01G",0.2773347396,"OK"
"TSHD2026030400025242","LOREAL01H",0.3157834201,"C0000001H",0.5706392157,"OK"
"TSHE2026030400089628","LOREAL03H",0.0559460537,"LOREAL17H",0.0883358742,"OK"
"TSHD2026030700020535","LOREAL01H",0.0633368056,"C0000001H",0.1144533333,"OK"
"TSHD2026030800069819","LOREAL04H",0.3984337295,"LOREAL03G",0.6206371556,"OK"
"TSHD2026022600030262","LOREAL04H",0.4566453333,"C0000006H",0.6597194768,"OK"
"TSHD2026022500137801","LOREAL03H",0.1314922772,"LOREAL01G",0.4748332234,"OK"
"TSHD2026030900046575","C0000009W",0.3869328952,"LOREAL04G",0.8152541152,"OK"
"TSHE2026030100107150","C0000009W",0.3551121181,"LOREAL04G",0.7482088477,"OK"
"TSHD2026030900085257","LOREAL04H",0.4405183128,"C0000006H",0.6364206302,"OK"
"TSHE2026030800184088","LOREAL03H",0.0429765625,"LOREAL17H",0.0678577303,"OK"
"TSHE2026030300065122","LOREAL03H",0.1177143830,"LOREAL17H",0.1858648153,"OK"
"TSHD2026030900083716","LOREAL04H",0.4405183128,"C0000006H",0.6364206302,"OK"
"TSHD2026030300004469","LOREAL04H",0.2898969907,"C0000006H",0.4188166989,"OK"
"TSHE2026030400063027","LOREAL04H",0.5003542798,"C0000006H",0.7228661712,"OK"
"TSHD2026030700032564","LOREAL04H",0.5157552469,"C0000007H",0.6086494263,"OK"
"TSHE2026030400097572","LRLC0003W",0.4130503796,"LOREAL02L",0.4646816770,"OK"
"TSHD2026030900085560","LOREAL04H",0.4405183128,"C0000006H",0.6364206302,"OK"
"TSHD2026030500090009","LOREAL04H",0.5104055556,"C0000007H",0.6023361865,"OK"
"TSHD2026030200063871","LOREAL04H",0.4405183128,"C0000006H",0.6364206302,"OK"
"TSHE2026031000084613","LOREAL04H",0.6168055556,"C0000007H",0.7279002003,"OK"
"TSHE2026030800173910","LOREAL04H",0.2131179424,"LOREAL03G",0.3319721795,"OK"
"TSHD2026030900003497","LRLC0003W",0.3517159541,"LOREAL02L",0.3956804484,"OK"
"TSHD2026022800064549","LRLC0003W",0.1083933851,"LOREAL01G",0.1817847396,"OK"
"TSHD2026030800111537","LOREAL03H",0.1314922772,"LOREAL01G",0.4748332234,"OK"
"TSHE2026022800095755","LRLC0003W",0.2604454106,"LOREAL01G",0.4367886574,"OK"
"TSHD2026030800013000","C0000009W",0.4918929725,"LOREAL09H",0.6497562564,"OK"
"TSHD2026030600048161","LRLC0003W",0.1942028986,"C0000001H",0.5885490196,"OK"
"TSHE2026030800051051","LRLC0003W",0.1204635524,"LOREAL17H",0.0883358742,"OK"
"TSHE2026030500225377","C0000011W",0.4994350890,"C0000011W",0.4994350890,"OK"
"TSHD2026030800122675","LOREAL03H",0.1987483774,"LOREAL03G",0.1987483774,"OK"
"TSHE2026030600161875","LOREAL03H",0.5568981731,"C0000006H",0.5165048454,"OK"
"TSHE2026030500126615","C0000011W",0.4994350890,"C0000011W",0.4994350890,"OK"
"TSHD2026030600024111","LOREAL01H",0.1105783420,"C0000001H",0.1998215686,"OK"
"TSHE2026030900017907","LOREAL03H",0.1990217949,"LOREAL03G",0.1990217949,"OK"
"TSHD2026030400044440","LRLC0003W",0.2771014493,"LOREAL01G",0.4647222222,"OK"
"TSHD2026030100080875","LRLC0003W",0.1653672981,"LOREAL01G",0.2773347396,"OK"
"TSHD2026030800073058","LRLC0003W",0.4190144928,"LOREAL02L",0.4713913043,"OK"
"TSHD2026022500092905","LRLC0003W",0.1978047360,"C0000001H",0.5994647059,"OK"
"TSHE2026030700040174","LOREAL01H",0.2896412037,"C0000001H",0.5233986928,"OK"
"TSHE2026030800221930","LOREAL04H",0.5293280864,"C0000007H",0.6246669095,"OK"
"TSHE2026030400093246","LOREAL03H",0.5689354968,"LOREAL03G",0.5689354968,"OK"
"TSHD2026030800060777","LRLC0003W",0.3437865769,"LOREAL01G",0.5765587384,"OK"
"TSHE2026030800137802","LOREAL01H",0.3384062500,"LOREAL01G",0.3384062500,"OK"
"TSHE2026030400107588","LOREAL03H",0.5689354968,"LOREAL03G",0.5689354968,"OK"
"TSHE2026030500289415","C0000011W",0.4994350890,"C0000011W",0.4994350890,"OK"
"TSHD2026030200068570","LRLC0003W",0.4130503796,"LOREAL02L",0.4646816770,"OK"
"TSHE2026030800270748","LRLC0003W",0.2831684351,"LOREAL17H",0.2076472988,"OK"
"TSHE2026030500297769","C0000009W",0.2839078925,"C0000007H",0.7059246950,"OK"
"TSHD2026030700087547","C0000011W",0.9575153190,"LRLC0010H",0.1995930419,"OK"
"TSHD2026030900026908","LRLC0003W",0.1653672981,"LOREAL01G",0.2773347396,"OK"
"TSHD2026030400069626","LRLC0003W",0.2223412112,"LOREAL01G",0.3728847396,"OK"
"TSHE2026030400099317","LOREAL04H",0.6632098765,"C0000011W",0.6794108906,"OK"
"TSHD2026030900078677","LOREAL04H",0.4566453333,"C0000006H",0.6597194768,"OK"
"TSHD2026030900103671","LOREAL01H",0.1560000000,"C0000001H",0.2819011765,"OK"
"TSHD2026030300026420","LOREAL03H",0.1983844151,"LOREAL17H",0.3132385501,"OK"
"TSHE2026030800070640","LRLC0003W",0.2831684351,"LOREAL17H",0.2076472988,"OK"
"TSHD2026031000041610","LRLC0003W",0.1941248275,"C0000001H",0.5883124183,"OK"
"TSHD2026022800076789","C0000010H",0.5151764880,"LOREAL08L",0.6911581117,"OK"
"TSHD2026030900054605","LRLC0003W",0.4914178744,"LOREAL02L",0.5528451087,"OK"
"TSHD2026030900085532","LOREAL03H",0.3430959936,"LOREAL02G",0.6648816770,"OK"
"TSHD2026030800006470","LOREAL03H",0.1871836538,"LOREAL02L",0.4534262422,"OK"
"TSHD2026030100075995","LOREAL01H",0.0191250000,"C0000001H",0.0345600000,"OK"
"TSHD2026030900010590","LOREAL03H",0.1535578526,"LOREAL02L",0.3719724379,"OK"
"TSHD2026030900090543","LOREAL04H",0.4405183128,"C0000006H",0.6364206302,"OK"
"TSHE2026030400049488","LOREAL03H",0.1503527244,"LOREAL02L",0.3642084627,"OK"
"TSHD2026030300042302","LRLC0003W",0.1978047360,"C0000001H",0.5994647059,"OK"
"TSHE2026030300077815","LOREAL03H",0.0531600962,"LOREAL17H",0.0839369939,"OK"
"TSHE2026030500014405","C0000011W",0.5119442846,"C0000011W",0.5119442846,"OK"
"TSHE2026030800134371","LOREAL04H",0.5293280864,"C0000007H",0.6246669095,"OK"
"TSHD2026022800083423","LRLC0003W",0.4130503796,"LOREAL02L",0.4646816770,"OK"
"TSHE2026030700155878","LOREAL03H",0.1825193710,"LOREAL03G",0.1825193710,"OK"
"TSHD2026031000041438","LOREAL04H",0.2283719547,"C0000006H",0.3299309453,"OK"
"TSHE2026030500251648","C0000011W",0.4994350890,"C0000011W",0.4994350890,"OK"
"TSHE2026030500137067","C0000011W",0.4994350890,"C0000011W",0.4994350890,"OK"
"TSHD2026030900091012","LOREAL04H",0.4405183128,"C0000006H",0.6364206302,"OK"
"TSHD2026030600087493","LRLC0003W",0.1183574879,"C0000001H",0.3586928105,"OK"
"TSHD2026030500018882","LRLC0003W",0.2076985507,"LOREAL01G",0.3483277778,"OK"
"TSHE2026030700135553","LRLC0003W",0.3517159541,"LOREAL02L",0.3956804484,"OK"
"TSHE2026030400029140","LOREAL03H",0.1990217949,"LOREAL03G",0.1990217949,"OK"
"TSHD2026030100012644","LOREAL04H",0.4437812757,"LOREAL03G",0.6912746795,"OK"
"TSHE2026030300008086","LOREAL03H",0.1177143830,"LOREAL17H",0.1858648153,"OK"
"TSHE2026030800294256","LOREAL01H",0.1112997685,"C0000001H",0.2011252288,"OK"
"TSHD2026030500026803","LOREAL01H",0.2896412037,"C0000001H",0.5233986928,"OK"
"TSHE2026030800295899","LOREAL04H",0.3652121399,"LOREAL03G",0.5688881410,"OK"
"TSHD2026022500031611","LRLC0003W",0.2950621118,"LOREAL01G",0.4948437500,"OK"
"TSHD2026030600046992","LOREAL01H",0.1134259259,"LOREAL01G",0.1134259259,"OK"
"TSHE2026030400034004","LOREAL04H",0.4004663786,"C0000006H",0.5785572533,"OK"
"TSHE2026030700166245","LRLC0003W",0.3517159541,"LOREAL02L",0.3956804484,"OK"
"TSHD2026030200076390","C0000011W",0.4994350890,"C0000011W",0.4994350890,"OK"
"TSHD2026022600084205","LOREAL04H",0.4566453333,"C0000006H",0.6597194768,"OK"
"TSHE2026030900065893","LRLC0003W",0.1242730159,"LOREAL01G",0.2084162037,"OK"
"TSHD2026022500055357","LOREAL04H",0.4566453333,"C0000006H",0.6597194768,"OK"
"TSHE2026030800219664","LOREAL04H",0.5293280864,"C0000007H",0.6246669095,"OK"
"TSHD2026030900085596","LOREAL04H",0.4405183128,"C0000006H",0.6364206302,"OK"
"TSHE2026030500267611","LRLC0003W",0.2831684351,"LOREAL17H",0.2076472988,"OK"
"TSHE2026030500267721","C0000011W",0.4994350890,"C0000011W",0.4994350890,"OK"
"TSHE2026030500246736","C0000011W",0.4994350890,"C0000011W",0.4994350890,"OK"
"TSHE2026030500139826","LOREAL03H",0.2084861779,"LOREAL17H",0.3291887019,"OK"
"TSHD2026022500111033","LRLC0003W",0.1978047360,"C0000001H",0.5994647059,"OK"
"TSHD2026030200019705","LOREAL03H",0.1503527244,"LOREAL02L",0.3642084627,"OK"
"TSHE2026030500253793","C0000011W",0.4994350890,"C0000011W",0.4994350890,"OK"
"TSHD2026030900054486","LRLC0003W",0.2950621118,"LOREAL01G",0.4948437500,"OK"
"TSHE2026030400092960","LOREAL03H",0.5689354968,"LOREAL03G",0.5689354968,"OK"
"TSHD2026030400029739","C0000011W",0.4994350890,"C0000011W",0.4994350890,"OK"
"TSHE2026030800253999","LRLC0003W",0.0925375259,"LOREAL17H",0.0678577303,"OK"
"TSHD2026030800088612","LOREAL01H",0.0633368056,"C0000001H",0.1144533333,"OK"
"TSHE2026030800217904","LRLC0003W",0.3048474810,"LOREAL01G",0.5112546296,"OK"
"TSHD2026030600000598","C0000011W",0.3406734878,"C0000011W",0.3406734878,"OK"
"TSHD2026022700003721","C0000011W",0.5553243917,"C0000011W",0.5553243917,"OK"
"TSHD2026030700027965","LRLC0003W",0.3517159541,"LOREAL02L",0.3956804484,"OK"
"TSHD2026030700094581","LOREAL03H",0.1391192308,"LOREAL01G",0.5023750000,"OK"
"TSHD2026030200056284","LRLC0003W",0.2780538302,"LOREAL02L",0.3128105590,"OK"
"TSHE2026031000081850","LOREAL04H",0.3745015432,"C0000006H",0.5410456302,"OK"
"TSHD2026030100092564","LRLC0003W",0.1978047360,"C0000001H",0.5994647059,"OK"
"TSHD2026022500110324","LRLC0003W",0.2049151139,"LOREAL01G",0.3436597222,"OK"
"TSHE2026030600157071","LRLC0003W",0.3517159541,"LOREAL02L",0.3956804484,"OK"
"TSHD2026030900107074","LRLC0003W",0.1183574879,"C0000001H",0.3586928105,"OK"
"TSHE2026030800203372","LOREAL04H",0.5293280864,"C0000007H",0.6246669095,"OK"
"TSHD2026022500051035","LOREAL04H",0.3848961399,"C0000006H",0.5560627943,"OK"
"TSHE2026030300062091","LOREAL03H",0.1825193710,"LOREAL03G",0.1825193710,"OK"
"TSHD2026030600096785","LOREAL01H",0.2896412037,"C0000001H",0.5233986928,"OK"
"TSHD2026030800111206","LRLC0003W",0.1653672981,"LOREAL01G",0.2773347396,"OK"
"TSHD2026030900025013","LRLC0003W",0.2299493444,"LOREAL01G",0.3856442130,"OK"
"TSHD2026030500072998","LOREAL04H",0.2898969907,"C0000006H",0.4188166989,"OK"
"TSHE2026030300031093","LOREAL01H",0.0294485851,"C0000001H",0.0532153255,"OK"
"TSHD2026022600127296","LOREAL03H",0.1983844151,"LOREAL17H",0.3132385501,"OK"
"TSHE2026030600120678","C0000011W",0.5563572514,"LOREAL05G",0.3852605459,"OK"
"TSHD2026030900089951","LOREAL04H",0.4405183128,"C0000006H",0.6364206302,"OK"
"TSHD2026030900019798","LOREAL04H",0.7082885802,"C0000007H",0.8358604990,"OK"
"TSHE2026030600119703","C0000011W",0.5036814071,"C0000011W",0.5036814071,"OK"
"TSHE2026031100042619","LRLC0003W",0.1481935818,"LOREAL01G",0.2485329861,"OK"
"TSHE2026030800278189","LOREAL04H",0.3800000000,"C0000007H",0.4484429066,"OK"
"TSHD2026030500088661","LRLC0003W",0.1653672981,"LOREAL01G",0.2773347396,"OK"
"TSHD2026030900084978","LOREAL04H",0.4405183128,"C0000006H",0.6364206302,"OK"
"TSHD2026022700073623","LOREAL03H",0.5837900641,"LOREAL03G",0.5837900641,"OK"
"TSHD2026022600025058","LOREAL04H",0.3327413333,"LOREAL03G",0.5183086154,"OK"
"TSHE2026030300016798","LRLC0003W",0.1790004141,"LOREAL01G",0.3001986111,"OK"
"TSHD2026030300006131","LOREAL03H",0.2458069175,"LOREAL02L",0.5954329057,"OK"
"TSHE2026030800222518","LOREAL04H",0.5293280864,"C0000007H",0.6246669095,"OK"
"TSHD2026030900027443","C0000011W",0.4994350890,"C0000011W",0.4994350890,"OK"
"TSHD2026030200071079","LRLC0003W",0.3517159541,"LOREAL02L",0.3956804484,"OK"
"TSHD2026030800127089","LOREAL04H",0.3984337295,"LOREAL03G",0.6206371556,"OK"
"TSHD2026030900085119","LOREAL04H",0.4405183128,"C0000006H",0.6364206302,"OK"
"TSHD2026030900063523","LRLC0003W",0.2518178744,"LOREAL01G",0.4223195602,"OK"
"TSHD2026022800006443","LOREAL03H",0.1314922772,"LOREAL01G",0.4748332234,"OK"
"TSHD2026022500056364","LOREAL04H",0.3848961399,"C0000006H",0.5560627943,"OK"
"TSHE2026030600131005","LOREAL01H",0.3384062500,"LOREAL01G",0.3384062500,"OK"
"TSHE2026030400058559","LOREAL01H",0.1112997685,"C0000001H",0.2011252288,"OK"
"TSHE2026030900113027","LOREAL01H",0.0694444444,"LOREAL01G",0.0694444444,"OK"
"TSHE2026030300002397","LRLC0003W",0.2780538302,"LOREAL02L",0.3128105590,"OK"
"TSHD2026030200054240","LRLC0003W",0.1978047360,"C0000001H",0.5994647059,"OK"
"TSHE2026030600006490","LRLC0003W",0.2831684351,"LOREAL17H",0.2076472988,"OK"
"TSHE2026030200038400","LOREAL03H",0.3874038462,"LOREAL02G",0.7507453416,"OK"
"TSHD2026022600113410","LRLC0003W",0.2049151139,"LOREAL01G",0.3436597222,"OK"
"TSHE2026030600096143","C0000011W",0.8177158624,"LOREAL04G",0.7982168724,"OK"
"TSHE2026030500073382","LOREAL03H",0.1650000000,"LOREAL02L",0.3996894410,"OK"
"TSHE2026030800130664","LOREAL04H",0.5293280864,"C0000007H",0.6246669095,"OK"
"TSHD2026022500156000","LRLC0003W",0.1978047360,"C0000001H",0.5994647059,"OK"
"TSHD2026030600050916","LRLC0003W",0.2110393375,"LOREAL01G",0.3539305556,"OK"
"TSHD2026031100012076","C0000011W",0.4994350890,"C0000011W",0.4994350890,"OK"
"TSHE2026030700090341","LRLC0003W",0.3517159541,"LOREAL02L",0.3956804484,"OK"
"TSHE2026030500233058","C0000011W",0.4994350890,"C0000011W",0.4994350890,"OK"
"TSHD2026030900055382","LOREAL01H",0.0633368056,"C0000001H",0.1144533333,"OK"
"TSHE2026030500147764","C0000011W",0.4994350890,"C0000011W",0.4994350890,"OK"
"TSHE2026030800091407","LOREAL01H",0.0633368056,"C0000001H",0.1144533333,"OK"
"TSHD2026031100023850","LOREAL03H",0.1379186218,"LOREAL17H",0.2177662449,"OK"
"TSHD2026030600080312","C0000011W",0.5079456421,"C0000011W",0.5079456421,"OK"
"TSHD2026030600069498","LOREAL03H",0.3536254487,"LOREAL03G",0.3536254487,"OK"
"TSHE2026030800292786","LOREAL04H",0.5003542798,"C0000006H",0.7228661712,"OK"
"TSHE2026030700094795","LOREAL01H",0.0856296296,"C0000001H",0.1547377778,"OK"
"TSHD2026030300057977","LRLC0003W",0.3307345963,"LOREAL01G",0.5546694792,"OK"
"TSHD2026022500130376","LRLC0003W",0.1978047360,"C0000001H",0.5994647059,"OK"
"TSHD2026030200029671","LOREAL03H",0.3568305769,"LOREAL03G",0.3568305769,"OK"
"TSHD2026030200068342","LOREAL01H",0.2325614873,"LOREAL01G",0.2325614873,"OK"
"TSHD2026030500047868","LOREAL01H",0.1789590567,"LOREAL01G",0.1789590567,"OK"
"TSHD2026030700006588","LOREAL06H",0.1754105712,"C0000006H",0.5988153983,"OK"
"TSHD2026030200065705","LOREAL04H",0.4405183128,"C0000006H",0.6364206302,"OK"
"TSHE2026030500231889","LOREAL03H",0.2243699920,"LOREAL17H",0.3542684084,"OK"
"TSHE2026030800154625","LOREAL04H",0.5293280864,"C0000007H",0.6246669095,"OK"
"TSHE2026031000086432","LOREAL03H",0.1890305689,"LOREAL17H",0.2984693193,"OK"
"TSHD2026030600044615","LOREAL03H",0.1503527244,"LOREAL02L",0.3642084627,"OK"
"TSHE2026030700027817","LOREAL04H",0.3745015432,"C0000006H",0.5410456302,"OK"
"TSHD2026022500093976","LRLC0003W",0.1978047360,"C0000001H",0.5994647059,"OK"
"TSHD2026030800082584","C0000009W",0.3751963469,"LOREAL04G",0.7905256173,"OK"
"TSHD2026030600050111","C0000011W",0.4994350890,"C0000011W",0.4994350890,"OK"
"TSHE2026030500029117","LRLC0003W",0.7925293306,"C0000006H",0.3413718787,"OK"
"TSHD2026030400006118","LOREAL01H",0.0808242188,"C0000001H",0.1460541176,"OK"
"TSHD2026022600004102","LOREAL04H",0.3327413333,"LOREAL03G",0.5183086154,"OK"
"TSHD2026030500071220","LOREAL03H",0.2235179487,"LOREAL03G",0.2235179487,"OK"
"TSHD2026022500168830","LOREAL04H",0.4437812757,"LOREAL03G",0.6912746795,"OK"
"TSHE2026030100061475","LOREAL03H",0.4065454487,"LOREAL03G",0.4065454487,"OK"
"TSHE2026030800241550","LRLC0003W",0.2831684351,"LOREAL17H",0.2076472988,"OK"
"TSHD2026030600096355","LRLC0003W",0.4239061422,"LOREAL02L",0.4768944099,"OK"
"TSHD2026030900062809","C0000009W",0.0000000000,"C0000001H",0.0000000000,"OK"
"TSHD2026030200063113","LOREAL04H",0.6940967078,"C0000007H",0.8191124871,"OK"
"TSHE2026030700073591","C0000011W",0.5036814071,"C0000011W",0.5036814071,"OK"
"TSHD2026030700067765","LRLC0003W",0.1941248275,"C0000001H",0.5883124183,"OK"
"TSHE2026030800020282","LRLC0003W",0.1204635524,"LOREAL17H",0.0883358742,"OK"
"TSHD2026031100023729","LOREAL03H",0.1275848397,"LOREAL17H",0.2014497470,"OK"
"TSHD2026030300065192","LOREAL01H",0.1799270833,"C0000001H",0.3251388235,"OK"
"TSHD2026030500067624","LOREAL01H",0.0633368056,"C0000001H",0.1144533333,"OK"
"TSHD2026030900106003","LRLC0003W",0.1978047360,"C0000001H",0.5994647059,"OK"
"TSHD2026030900020849","C0000011W",0.0702337425,"LOREAL01G",0.3856442130,"OK"
"TSHE2026030800181619","LOREAL01H",0.1799270833,"C0000001H",0.3251388235,"OK"
"TSHE2026030500158080","C0000011W",0.4994350890,"C0000011W",0.4994350890,"OK"
"TSHD2026030100085098","C0000011W",0.4994350890,"C0000011W",0.4994350890,"OK"
"TSHE2026030500235544","C0000011W",0.4994350890,"C0000011W",0.4994350890,"OK"
"TSHE2026030700036112","LRLC0003W",0.3517159541,"LOREAL02L",0.3956804484,"OK"
"TSHD2026030900092921","LRLC0003W",0.2482981366,"LOREAL01G",0.4164166667,"OK"
"TSHE2026030700087708","LRLC0003W",0.3517159541,"LOREAL02L",0.3956804484,"OK"
"TSHE2026030800157675","LOREAL04H",0.5293280864,"C0000007H",0.6246669095,"OK"
"TSHD2026030500082430","LOREAL04H",0.4618703704,"C0000007H",0.5450591878,"OK"
"TSHE2026030500212134","C0000009W",0.3236450449,"LRLF0005L",0.6016842547,"OK"
"TSHE2026030300091967","LOREAL03H",0.1718221154,"LOREAL03G",0.1718221154,"OK"
"TSHE2026030500252634","C0000011W",0.4994350890,"C0000011W",0.4994350890,"OK"
"TSHD2026030900090454","LOREAL04H",0.4405183128,"C0000006H",0.6364206302,"OK"
"TSHE2026030700153816","LRLC0003W",0.1083933851,"LOREAL01G",0.1817847396,"OK"
"TSHE2026030500128263","LOREAL04H",0.3914882099,"C0000006H",0.5655864150,"OK"
"TSHD2026030400059331","LRLC0003W",0.1978047360,"C0000001H",0.5994647059,"OK"
"TSHD2026022500129813","LRLC0003W",0.1978047360,"C0000001H",0.5994647059,"OK"
"TSHE2026030900132142","LOREAL03H",0.1987483774,"LOREAL03G",0.1987483774,"OK"
"TSHE2026030100092753","LOREAL04H",0.4666517490,"C0000007H",0.5507017544,"OK"
"TSHE2026030700135088","LOREAL03H",0.1503527244,"LOREAL02L",0.3642084627,"OK"
"TSHD2026030900092976","LRLC0003W",0.1942028986,"C0000001H",0.5885490196,"OK"
"TSHE2026030100021015","LOREAL01H",0.0633368056,"C0000001H",0.1144533333,"OK"
"TSHD2026022500149087","LOREAL03H",0.1314922772,"LOREAL01G",0.4748332234,"OK"
"TSHD2026022800087577","LOREAL03H",0.1503527244,"LOREAL02L",0.3642084627,"OK"
"TSHD2026022500084725","LOREAL03H",0.1983844151,"LOREAL17H",0.3132385501,"OK"
"TSHE2026030400151298","LRLC0003W",0.1924495342,"C0000001H",0.5832352941,"OK"
"TSHD2026031000042424","LOREAL03H",0.2175976082,"LOREAL02L",0.5270997962,"OK"
"TSHD2026030900071927","C0000011W",0.4994350890,"C0000011W",0.4994350890,"OK"
"TSHE2026031000026798","LRLC0003W",0.3048474810,"LOREAL01G",0.5112546296,"OK"
"TSHE2026030500251537","C0000011W",0.4994350890,"C0000011W",0.4994350890,"OK"
"TSHE2026030500279065","LOREAL04H",0.5408055556,"C0000007H",0.6382116190,"OK"
"TSHE2026030500222635","C0000011W",0.4994350890,"C0000011W",0.4994350890,"OK"
"TSHE2026030800191427","LRLC0003W",0.4190144928,"LOREAL02L",0.4713913043,"OK"
"TSHD2026031000050600","C0000011W",0.4994350890,"C0000011W",0.4994350890,"OK"
"TSHE2026030200056536","C0000011W",0.7382881088,"LOREAL05G",0.5112421544,"OK"
"TSHD2026030600008603","LOREAL01H",0.1105783420,"C0000001H",0.1998215686,"OK"
"TSHD2026030800077914","LOREAL03H",0.1314922772,"LOREAL01G",0.4748332234,"OK"
"TSHE2026030400121241","LRLC0003W",0.2374267598,"LOREAL17H",0.1741049469,"OK"
"TSHE2026030900136028","LOREAL03H",0.4827915064,"LOREAL03G",0.4827915064,"OK"
"TSHD2026030600057897","LRLC0003W",0.3237408558,"LOREAL02L",0.3642084627,"OK"
"TSHD2026030700029428","LOREAL04H",0.2934360854,"C0000006H",0.4239296596,"OK"
"TSHE2026031100013682","LOREAL04H",0.3745015432,"C0000006H",0.5410456302,"OK"
"TSHD2026030700042263","LOREAL01H",0.1930318287,"LOREAL01G",0.1930318287,"OK"
"TSHE2026030100021508","LOREAL04H",0.4666517490,"C0000007H",0.5507017544,"OK"
"TSHD2026030100049407","LRLC0003W",0.1242730159,"LOREAL01G",0.2084162037,"OK"
"TSHE2026030100057501","LOREAL04H",0.4004663786,"C0000006H",0.5785572533,"OK"
"TSHE2026030800133488","LRLC0003W",0.2831684351,"LOREAL17H",0.2076472988,"OK"
"TSHD2026030200044931","LRLC0003W",0.1400583161,"LOREAL02L",0.1575656056,"OK"
"TSHE2026030800079982","LRLC0003W",0.2831684351,"LOREAL17H",0.2076472988,"OK"
"TSHD2026030200040709","LRLC0003W",0.1919875776,"LOREAL01G",0.3219791667,"OK"
"TSHD2026030100025934","C0000009W",0.2840209960,"LRLF0005L",0.5280197054,"OK"
"TSHD2026030700000437","LOREAL01H",0.2896412037,"C0000001H",0.5233986928,"OK"
"TSHD2026022700089193","LRLC0003W",0.1978047360,"C0000001H",0.5994647059,"OK"
"TSHD2026030900090686","LOREAL04H",0.4405183128,"C0000006H",0.6364206302,"OK"
"TSHD2026030600018978","LRLC0003W",0.3517159541,"LOREAL02L",0.3956804484,"OK"
"TSHE2026030600151574","LOREAL04H",0.4064427778,"C0000006H",0.5871914090,"OK"
"TSHD2026030900000439","LRLC0003W",0.3266528640,"LOREAL01G",0.5478240741,"OK"
"TSHE2026030100072561","LRLC0003W",0.3286441684,"LOREAL01G",0.5511636574,"OK"
"TSHE2026030100123510","LOREAL01H",0.0633368056,"C0000001H",0.1144533333,"OK"
"TSHD2026030200064720","LOREAL04H",0.4405183128,"C0000006H",0.6364206302,"OK"
"TSHD2026030200009888","LOREAL03H",0.0981871795,"LOREAL17H",0.1550323887,"OK"
"TSHD2026030100091195","LOREAL01H",0.1105783420,"C0000001H",0.1998215686,"OK"
"TSHE2026030100027737","LOREAL03H",0.4827915064,"LOREAL03G",0.4827915064,"OK"
"TSHD2026030300018956","LOREAL01H",0.0191250000,"C0000001H",0.0345600000,"OK"
"TSHD2026031100000620","LOREAL01H",0.2896412037,"C0000001H",0.5233986928,"OK"
"TSHD2026030600047697","C0000011W",0.4994350890,"C0000011W",0.4994350890,"OK"
"TSHE2026030400099431","LOREAL04H",0.6632098765,"C0000011W",0.6794108906,"OK"
"TSHE2026031000094387","LOREAL04H",0.3745015432,"C0000006H",0.5410456302,"OK"
"TSHE2026030400023985","LOREAL04H",0.4666517490,"C0000007H",0.5507017544,"OK"
"TSHD2026030500015441","LOREAL06H",0.2532508305,"LRLF0005L",0.5280197054,"OK"
"TSHD2026030200017901","LRLC0003W",0.1653672981,"LOREAL01G",0.2773347396,"OK"
"TSHD2026030700072526","LOREAL01H",0.2896412037,"C0000001H",0.5233986928,"OK"
"TSHD2026030300076805","LOREAL03H",0.1314922772,"LOREAL01G",0.4748332234,"OK"
"TSHE2026030800098375","LRLC0003W",0.1587439614,"LOREAL01G",0.2662268519,"OK"
"TSHD2026030300075575","LOREAL01H",0.2325614873,"LOREAL01G",0.2325614873,"OK"
"TSHD2026022500046506","LOREAL03H",0.1314922772,"LOREAL01G",0.4748332234,"OK"
"TSHD2026031000060345","LOREAL04H",0.2838389465,"LOREAL03G",0.4421337436,"OK"
"TSHD2026030500001451","LRLC0003W",0.1978047360,"C0000001H",0.5994647059,"OK"
"TSHD2026030600009423","LOREAL01H",0.1022656250,"C0000001H",0.1848000000,"OK"
"TSHD2026030800033734","LOREAL04H",0.5157552469,"C0000007H",0.6086494263,"OK"
"TSHD2026030700079409","LOREAL03H",0.3536254487,"LOREAL03G",0.3536254487,"OK"
"TSHD2026030200065507","LOREAL04H",0.4405183128,"C0000006H",0.6364206302,"OK"
"TSHD2026030700004469","LOREAL03H",0.2346010304,"LOREAL02L",0.5682882104,"OK"
"TSHD2026022600094397","LOREAL03H",0.1314922772,"LOREAL01G",0.4748332234,"OK"
"TSHD2026030900084345","LOREAL04H",0.4405183128,"C0000006H",0.6364206302,"OK"
"TSHD2026030700067529","LRLC0003W",0.2140560076,"LOREAL01G",0.3589897627,"OK"
"TSHD2026031000011158","LOREAL04H",0.3327413333,"LOREAL03G",0.5183086154,"OK"
"TSHD2026030800107934","LOREAL04H",0.3848961399,"C0000006H",0.5560627943,"OK"
"TSHD2026030200071310","LRLC0003W",0.3328853951,"LOREAL02L",0.3744960695,"OK"
"TSHE2026030500127149","C0000011W",0.4994350890,"C0000011W",0.4994350890,"OK"
"TSHD2026030600054849","LOREAL03H",0.2235179487,"LOREAL03G",0.2235179487,"OK"
"TSHD2026022500132391","LRLC0003W",0.1591692547,"LOREAL02L",0.1790654115,"OK"
"TSHE2026030400093074","LOREAL03H",0.0559460537,"LOREAL17H",0.0883358742,"OK"
"TSHE2026030800255233","LRLC0003W",0.2831684351,"LOREAL17H",0.2076472988,"OK"
"TSHD2026030300025042","C0000009W",0.3123893264,"LOREAL18H",0.4074021715,"OK"
"TSHD2026030100021668","LRLC0003W",0.1904692892,"LOREAL01G",0.3194328704,"OK"
"TSHE2026030200095439","LOREAL03H",0.1160865280,"LOREAL01G",0.4192013513,"OK"
"TSHE2026030200036392","LOREAL03H",0.1721194729,"LRLC0003W",0.3706092170,"OK"
"TSHD2026030400058147","LRLC0003W",0.1083933851,"LOREAL01G",0.1817847396,"OK"
"TSHD2026031000009098","LOREAL03H",0.1503527244,"LOREAL02L",0.3642084627,"OK"
"TSHE2026030700086747","LRLC0003W",0.3517159541,"LOREAL02L",0.3956804484,"OK"
"TSHD2026030400072963","LRLC0003W",0.1400583161,"LOREAL02L",0.1575656056,"OK"
"TSHD2026030300037117","LOREAL01H",0.2227813947,"LOREAL01G",0.2227813947,"OK"
"TSHE2026030600073286","C0000009W",0.1879900493,"C0000006H",0.5722324614,"OK"
"TSHE2026030400048112","LOREAL03H",0.1650000000,"LOREAL02L",0.3996894410,"OK"
"TSHD2026030400077711","C0000011W",0.3406734878,"C0000011W",0.3406734878,"OK"
"TSHD2026022500035157","LOREAL03H",0.1524306891,"LOREAL02L",0.3692420419,"OK"
"TSHD2026030700034225","LRLC0003W",0.1458899241,"LOREAL02L",0.1641261646,"OK"
"TSHE2026022800090140","LOREAL04H",0.3745015432,"C0000006H",0.5410456302,"OK"
"TSHE2026030700198652","LRLC0003W",0.1204635524,"LOREAL17H",0.0883358742,"OK"
"TSHD2026030600074043","LOREAL01H",0.3384062500,"LOREAL01G",0.3384062500,"OK"
"TSHE2026030500193643","C0000011W",0.4994350890,"C0000011W",0.4994350890,"OK"
"TSHD2026030800032775","LOREAL04H",0.2898969907,"C0000006H",0.4188166989,"OK"
"TSHE2026030500184298","LRLC0003W",0.2374267598,"LOREAL17H",0.1741049469,"OK"
"TSHD2026030300051277","LRLC0003W",0.2678868185,"LOREAL02L",0.3013726708,"OK"
"TSHD2026022500035159","C0000011W",0.9575153190,"LRLC0010H",0.1995930419,"OK"
"TSHD2026030100073401","LOREAL04H",0.4437812757,"LOREAL03G",0.6912746795,"OK"
"TSHD2026022500101655","LOREAL03H",0.1983844151,"LOREAL17H",0.3132385501,"OK"
"TSHD2026031100024589","LOREAL01H",0.0633368056,"C0000001H",0.1144533333,"OK"
"TSHE2026030500011673","LRLC0003W",0.1924495342,"C0000001H",0.5832352941,"OK"
"TSHD2026030300049885","LOREAL03H",0.3860086154,"LOREAL03G",0.3860086154,"OK"
"TSHE2026030800223470","LOREAL04H",0.5293280864,"C0000007H",0.6246669095,"OK"
"TSHE2026030600015460","LRLC0003W",0.2831684351,"LOREAL17H",0.2076472988,"OK"
"TSHE2026030100004447","LOREAL03H",0.1503527244,"LOREAL02L",0.3642084627,"OK"
"TSHD2026030500006079","LRLC0003W",0.3328853951,"LOREAL02L",0.3744960695,"OK"
"TSHE2026030500214547","C0000011W",0.4994350890,"C0000011W",0.4994350890,"OK"
"TSHE2026030600048437","C0000011W",0.7066975049,"LRLF0005L",0.6086874909,"OK"
"TSHD2026030900065801","LOREAL04H",0.3923904321,"C0000007H",0.4630650155,"OK"
"TSHE2026030600015150","LRLC0003W",0.2831684351,"LOREAL17H",0.2076472988,"OK"
"TSHE2026030500137990","LRLC0003W",0.1083933851,"LOREAL01G",0.1817847396,"OK"
"TSHE2026030100092919","LOREAL04H",0.4666517490,"C0000007H",0.5507017544,"OK"
"TSHE2026031100006058","LOREAL04H",0.3745015432,"C0000006H",0.5410456302,"OK"
"TSHE2026030300026732","LOREAL04H",0.4063836420,"C0000006H",0.5871059750,"OK"
"TSHE2026030900100180","LOREAL03H",0.1379186218,"LOREAL17H",0.2177662449,"OK"
"TSHE2026031000075194","LOREAL03H",0.1415887037,"LOREAL02L",0.3429788474,"OK"
"TSHD2026030300076618","LRLC0003W",0.1978047360,"C0000001H",0.5994647059,"OK"
"TSHD2026030800092849","LRLC0003W",0.3806349206,"LOREAL02L",0.4282142857,"OK"
"TSHD2026031000002144","LRLC0003W",0.1549232229,"LOREAL01G",0.2598191551,"OK"
"TSHE2026030100081474","LOREAL03H",0.1177143830,"LOREAL17H",0.1858648153,"OK"
"TSHD2026022500168755","LOREAL03H",0.1983844151,"LOREAL17H",0.3132385501,"OK"
"TSHD2026030900083800","LOREAL04H",0.4405183128,"C0000006H",0.6364206302,"OK"
"TSHD2026030900026355","LRLC0003W",0.1653672981,"LOREAL01G",0.2773347396,"OK"
"TSHD2026030400062863","LOREAL03H",0.1498347091,"LOREAL01G",0.5410697830,"OK"
"TSHE2026030500015906","C0000011W",0.5119442846,"C0000011W",0.5119442846,"OK"
"TSHE2026030500186356","C0000011W",0.4994350890,"C0000011W",0.4994350890,"OK"
"TSHE2026030800116264","C0000009W",0.3950563341,"LOREAL09H",0.5218418215,"OK"
"TSHD2026022700000378","LRLC0003W",0.1978047360,"C0000001H",0.5994647059,"OK"
"TSHD2026030900090382","LOREAL04H",0.4405183128,"C0000006H",0.6364206302,"OK"
"TSHE2026030500224632","C0000011W",0.4994350890,"C0000011W",0.4994350890,"OK"
"TSHD2026030700003957","LRLC0003W",0.1083933851,"LOREAL01G",0.1817847396,"OK"
"TSHE2026030500267460","C0000011W",0.4994350890,"C0000011W",0.4994350890,"OK"
"TSHE2026030200072696","LRLC0003W",0.4130503796,"LOREAL02L",0.4646816770,"OK"
"TSHD2026030800072272","LRLC0003W",0.3237408558,"LOREAL02L",0.3642084627,"OK"
"TSHE2026030500044136","LRLC0003W",0.1924495342,"C0000001H",0.5832352941,"OK"
"TSHD2026030100004616","LOREAL03H",0.2235179487,"LOREAL03G",0.2235179487,"OK"
"TSHD2026030500021050","C0000009W",0.2786720373,"LRLF0005L",0.5180755265,"OK"
"TSHE2026030900068017","LOREAL03H",0.1415887037,"LOREAL02L",0.3429788474,"OK"
"TSHD2026030200047967","LOREAL03H",0.2139041667,"LOREAL17H",0.3377434211,"OK"
"TSHE2026030400075786","LOREAL04H",0.4852400412,"C0000011W",0.4970935750,"OK"
"TSHD2026030400053708","LRLC0003W",0.1904692892,"LOREAL01G",0.3194328704,"OK"
"TSHD2026030400019226","LRLC0003W",0.3086086957,"LRLC0003W",0.3086086957,"OK"
"TSHE2026030800137282","LRLC0003W",0.2831684351,"LOREAL17H",0.2076472988,"OK"
"TSHE2026030400154214","LOREAL03H",0.2393709583,"LOREAL17H",0.3779541447,"OK"
"TSHD2026030200006613","LOREAL03H",0.2918950321,"LRLC0003W",0.6285110421,"OK"
"TSHE2026030500168556","LOREAL03H",0.1721194729,"LRLC0003W",0.3706092170,"OK"
"TSHE2026030500031630","LOREAL03H",0.1415887037,"LOREAL02L",0.3429788474,"OK"
"TSHE2026030600006999","LOREAL03H",0.2084861779,"LOREAL17H",0.3291887019,"OK"
"TSHD2026030200008605","LRLC0003W",0.4567805383,"LOREAL02L",0.5138781056,"OK"
"TSHD2026022500101696","C0000011W",0.4994350890,"C0000011W",0.4994350890,"OK"
"TSHD2026030200065162","LOREAL04H",0.4405183128,"C0000006H",0.6364206302,"OK"
"TSHE2026030800226468","LRLC0003W",0.2831684351,"LOREAL17H",0.2076472988,"OK"
"TSHE2026030500252218","C0000011W",0.4994350890,"C0000011W",0.4994350890,"OK"
"TSHD2026030700047791","LOREAL01H",0.0633368056,"C0000001H",0.1144533333,"OK"
"TSHE2026030500148421","LOREAL04H",0.4818517490,"C0000007H",0.5686394706,"OK"
"TSHD2026030800038568","LRLC0003W",0.1978047360,"C0000001H",0.5994647059,"OK"
"TSHE2026030600065735","LOREAL03H",0.4403238462,"LOREAL03G",0.4403238462,"OK"
"TSHE2026030900048034","LRLC0003W",0.2831684351,"LOREAL17H",0.2076472988,"OK"
"TSHD2026030700059057","C0000011W",0.5036814071,"C0000011W",0.5036814071,"OK"
"TSHE2026030800074200","LRLC0003W",0.2831684351,"LOREAL17H",0.2076472988,"OK"
"TSHE2026030100074154","LRLC0003W",0.1083933851,"LOREAL01G",0.1817847396,"OK"
"TSHD2026030400076016","LRLC0003W",0.1722562974,"C0000001H",0.5220379085,"OK"
"TSHD2026030500067369","LRLC0003W",0.1978047360,"C0000001H",0.5994647059,"OK"
"TSHD2026030900056402","LOREAL03H",0.3568305769,"LOREAL03G",0.3568305769,"OK"
"TSHE2026030700189440","LRLC0003W",0.3740085835,"LOREAL02L",0.4207596564,"OK"
"TSHE2026030900047988","LOREAL04H",0.4004663786,"C0000006H",0.5785572533,"OK"
"TSHD2026030900027846","C0000011W",0.4994350890,"C0000011W",0.4994350890,"OK"
"TSHE2026030400141963","LOREAL03H",0.1983844151,"LOREAL17H",0.3132385501,"OK"
"TSHD2026030200019526","LOREAL03H",0.1930043077,"LOREAL03G",0.1930043077,"OK"
"TSHD2026031000042427","LRLC0003W",0.1328385956,"LOREAL01G",0.2227813947,"OK"
"TSHD2026030600041892","LRLC0003W",0.4190144928,"LOREAL02L",0.4713913043,"OK"
"TSHD2026030300030707","LOREAL03H",0.2235179487,"LOREAL03G",0.2235179487,"OK"
"TSHE2026030600120223","C0000011W",0.5036814071,"C0000011W",0.5036814071,"OK"
"TSHE2026030200067705","LOREAL01H",0.3384062500,"LOREAL01G",0.3384062500,"OK"
"TSHD2026030700034989","LRLC0003W",0.2482981366,"LOREAL01G",0.4164166667,"OK"
"TSHD2026030600016372","LOREAL04H",0.4618703704,"C0000007H",0.5450591878,"OK"
"TSHD2026030400003989","LOREAL01H",0.2896412037,"C0000001H",0.5233986928,"OK"
"TSHE2026030100122887","LRLC0003W",0.1083933851,"LOREAL01G",0.1817847396,"OK"
"TSHD2026030400080100","LRLC0003W",0.3328853951,"LOREAL02L",0.3744960695,"OK"
"TSHE2026030900035256","LRLC0003W",0.2831684351,"LOREAL17H",0.2076472988,"OK"
"TSHD2026030200027200","LRLC0003W",0.1653672981,"LOREAL01G",0.2773347396,"OK"
"TSHD2026022600037177","LOREAL03H",0.0981871795,"LOREAL17H",0.1550323887,"OK"
"TSHE2026030900011254","LOREAL03H",0.1366890625,"LOREAL17H",0.2158248355,"OK"
"TSHE2026030400075350","C0000011W",0.4994350890,"C0000011W",0.4994350890,"OK"
"TSHE2026030500222241","C0000011W",0.4994350890,"C0000011W",0.4994350890,"OK"
"TSHD2026030800009812","LRLC0003W",0.1653672981,"LOREAL01G",0.2773347396,"OK"
"TSHD2026022800055937","LOREAL03H",0.1314922772,"LOREAL01G",0.4748332234,"OK"
"TSHD2026030500033891","LOREAL01H",0.2896412037,"C0000001H",0.5233986928,"OK"
"TSHE2026030600106313","LOREAL03H",0.3536254487,"LOREAL03G",0.3536254487,"OK"
"TSHE2026030100038071","LOREAL03H",0.3851115385,"LOREAL03G",0.3851115385,"OK"
"TSHE2026031000061542","LRLC0003W",0.2170341615,"LOREAL01G",0.3639843750,"OK"
"TSHD2026022800084447","LRLC0003W",0.4377225673,"LOREAL02L",0.4924378882,"OK"
"TSHD2026030100008446","C0000009W",0.3736292341,"LOREAL04G",0.7872237654,"OK"
"TSHE2026030800137183","LOREAL04H",0.5293280864,"C0000007H",0.6246669095,"OK"
"TSHD2026022700095086","LOREAL03H",0.1983844151,"LOREAL17H",0.3132385501,"OK"
"TSHD2026030800050947","C0000011W",0.0048981790,"C0000001H",0.0486013072,"OK"
"TSHD2026022500123011","C0000009W",0.3736292341,"LOREAL04G",0.7872237654,"OK"
"TSHD2026030400080942","C0000011W",0.3964916496,"LOREAL03G",0.6028846154,"OK"
"TSHD2026030900060873","LRLC0003W",0.1431331953,"LOREAL01G",0.2400462963,"OK"
"TSHD2026030400027538","LOREAL04H",0.4144886831,"C0000006H",0.5988153983,"OK"
"TSHD2026030300022316","LRLC0003W",0.1904692892,"LOREAL01G",0.3194328704,"OK"
"TSHE2026030800304340","LRLC0003W",0.1204635524,"LOREAL17H",0.0883358742,"OK"
"TSHD2026030600035956","LRLC0003W",0.1978047360,"C0000001H",0.5994647059,"OK"
"TSHD2026030200055935","C0000011W",0.3406734878,"C0000011W",0.3406734878,"OK"
"TSHE2026031000071937","C0000009W",0.2553137861,"C0000011W",0.5510780737,"OK"
"TSHE2026030500178364","C0000011W",0.4994350890,"C0000011W",0.4994350890,"OK"
"TSHD2026030900027599","LRLC0003W",0.1978047360,"C0000001H",0.5994647059,"OK"
"TSHD2026022600037531","LOREAL03H",0.0981871795,"LOREAL17H",0.1550323887,"OK"
"TSHE2026030500135367","C0000011W",0.4994350890,"C0000011W",0.4994350890,"OK"
"TSHD2026030700048063","LRLC0003W",0.3517159541,"LOREAL02L",0.3956804484,"OK"
"TSHD2026030800085753","LOREAL03H",0.2540002325,"LOREAL02L",0.6152800664,"OK"
"TSHE2026030400152097","LOREAL03H",0.1415887037,"LOREAL02L",0.3429788474,"OK"
"TSHD2026030200045556","LRLC0003W",0.3517159541,"LOREAL02L",0.3956804484,"OK"
"TSHD2026030700044737","LRLC0003W",0.4190144928,"LOREAL02L",0.4713913043,"OK"
"TSHD2026030400064543","LOREAL01H",0.2896412037,"C0000001H",0.5233986928,"OK"
"TSHE2026030500122867","LRLC0003W",0.2261904762,"LOREAL01G",0.3793402778,"OK"
"TSHE2026030300035308","LRLC0003W",0.1552795031,"LOREAL01G",0.2604166667,"OK"
"TSHE2026030200003269","LOREAL04H",0.4004663786,"C0000006H",0.5785572533,"OK"
"TSHD2026030900002793","LOREAL04H",0.3327413333,"LOREAL03G",0.5183086154,"OK"
"TSHD2026030900108763","LRLC0003W",0.1978047360,"C0000001H",0.5994647059,"OK"
"TSHE2026030100081390","LOREAL04H",0.2609921399,"LOREAL03G",0.4065454487,"OK"
"TSHE2026030600020044","LOREAL04H",0.3745015432,"C0000006H",0.5410456302,"OK"
"TSHD2026030900042570","LRLC0003W",0.1942028986,"C0000001H",0.5885490196,"OK"
"TSHE2026030100034090","LOREAL03H",0.1177143830,"LOREAL17H",0.1858648153,"OK"
"TSHE2026030500153737","LRLC0003W",0.1083933851,"LOREAL01G",0.1817847396,"OK"
"TSHE2026030500178682","C0000011W",0.4994350890,"C0000011W",0.4994350890,"OK"
"TSHD2026030300063917","LOREAL03H",0.1314922772,"LOREAL01G",0.4748332234,"OK"
"TSHD2026031000052182","LRLC0003W",0.1653672981,"LOREAL01G",0.2773347396,"OK"
"TSHD2026030600101827","LRLC0003W",0.1978047360,"C0000001H",0.5994647059,"OK"
"TSHD2026022700086248","LOREAL03H",0.1983844151,"LOREAL17H",0.3132385501,"OK"
"TSHD2026030400033661","C0000001W",0.0345600000,"C0000001H",0.0345600000,"OK"
"TSHD2026030400022761","C0000009W",0.3123893264,"LOREAL18H",0.4074021715,"OK"
"TSHE2026030700145864","LRLC0003W",0.3517159541,"LOREAL02L",0.3956804484,"OK"
"TSHE2026030600156904","LOREAL04H",0.4064427778,"C0000006H",0.5871914090,"OK"
"TSHD2026022500084759","LOREAL04H",0.3327413333,"LOREAL03G",0.5183086154,"OK"
"TSHE2026030100053793","LOREAL04H",0.2609921399,"LOREAL03G",0.4065454487,"OK"
"TSHD2026030200041316","LOREAL03H",0.1164505128,"LOREAL02L",0.2820850932,"OK"
"TSHE2026030300008068","LOREAL03H",0.1503527244,"LOREAL02L",0.3642084627,"OK"
"TSHD2026030200066025","LOREAL04H",0.4405183128,"C0000006H",0.6364206302,"OK"
"TSHE2026031000071249","LOREAL04H",0.4852400412,"C0000011W",0.4970935750,"OK"
"TSHE2026030800242566","C0000009W",0.2932024777,"LRLF0005L",0.5450888775,"OK"
"TSHD2026030400080113","LRLC0003W",0.1240213941,"LOREAL02L",0.1395240683,"OK"
"TSHD2026030100072779","LRLC0003W",0.1978047360,"C0000001H",0.5994647059,"OK"
"TSHD2026022800050176","LOREAL03H",0.1983844151,"LOREAL17H",0.3132385501,"OK"
"TSHE2026030100065002","LOREAL03H",0.4065454487,"LOREAL03G",0.4065454487,"OK"
"TSHE2026030800230372","LOREAL04H",0.5293280864,"C0000007H",0.6246669095,"OK"
"TSHD2026030500018976","LOREAL01H",0.3384062500,"LOREAL01G",0.3384062500,"OK"
"TSHE2026030700010614","LOREAL03H",0.0733653846,"COM00002L",0.0073916919,"OK"
"TSHD2026022700049842","C0000009W",0.3736292341,"LOREAL04G",0.7872237654,"OK"
"TSHE2026030400015973","LOREAL03H",0.1930043077,"LOREAL03G",0.1930043077,"OK"
"TSHE2026030700011420","LRLC0003W",0.2831684351,"LOREAL17H",0.2076472988,"OK"
"TSHD2026030800054558","LRLC0003W",0.2270669427,"LOREAL01G",0.3808101852,"OK"
"TSHE2026030500254427","C0000011W",0.4994350890,"C0000011W",0.4994350890,"OK"
"TSHD2026022500151242","LOREAL03H",0.2458069175,"LOREAL02L",0.5954329057,"OK"
"TSHD2026030300020256","LRLC0003W",0.2622857143,"LOREAL02L",0.2950714286,"OK"
"TSHD2026022800086138","LRLC0003W",0.1653672981,"LOREAL01G",0.2773347396,"OK"
"TSHE2026030500224262","C0000011W",0.4994350890,"C0000011W",0.4994350890,"OK"
"TSHD2026031100005226","LRLC0003W",0.3246456177,"LRLC0003W",0.3246456177,"OK"
"TSHD2026031000060236","LRLC0003W",0.4914178744,"LOREAL02L",0.5528451087,"OK"
"TSHE2026030800271322","LOREAL03H",0.1415887037,"LOREAL02L",0.3429788474,"OK"
"TSHD2026030900074111","C0000011W",0.4994350890,"C0000011W",0.4994350890,"OK"
"TSHD2026030600090528","LOREAL03H",0.1314922772,"LOREAL01G",0.4748332234,"OK"
"TSHD2026030200040289","LOREAL01H",0.3384062500,"LOREAL01G",0.3384062500,"OK"
"TSHD2026031100011896","LOREAL03H",0.2235179487,"LOREAL03G",0.2235179487,"OK"
"TSHD2026030900068814","LOREAL03H",0.3355403646,"LOREAL03G",0.3355403646,"OK"
"TSHD2026022700075580","LOREAL04H",0.3984337295,"LOREAL03G",0.6206371556,"OK"
"TSHD2026030600020646","LOREAL01H",0.0633368056,"C0000001H",0.1144533333,"OK"
"TSHD2026030200086298","LOREAL03H",0.1102769872,"LOREAL17H",0.1741215587,"OK"
"TSHE2026030600119323","C0000011W",0.5036814071,"C0000011W",0.5036814071,"OK"
"TSHD2026022500044386","LOREAL03H",0.1314922772,"LOREAL01G",0.4748332234,"OK"
"TSHE2026030500270240","LRLC0003W",0.1924495342,"C0000001H",0.5832352941,"OK"
"TSHD2026030400031871","LRLC0003W",0.2499585697,"LOREAL01G",0.4192013513,"OK"
"TSHD2026030400000472","LOREAL01H",0.1440017361,"C0000001H",0.2602196078,"OK"
"TSHE2026030800022216","LOREAL03H",0.0781881410,"LOREAL17H",0.1234549595,"OK"
"TSHD2026030100026648","LOREAL04H",0.3984337295,"LOREAL03G",0.6206371556,"OK"
"TSHD2026030600016749","LRLC0003W",0.3259840839,"LOREAL02L",0.3667320943,"OK"
"TSHE2026030800157499","LOREAL04H",0.5293280864,"C0000007H",0.6246669095,"OK"
"TSHD2026030500044084","LRLC0003W",0.1978047360,"C0000001H",0.5994647059,"OK"
"TSHE2026030600109154","C0000011W",0.4994350890,"C0000011W",0.4994350890,"OK"
"TSHD2026031000041835","LRLC0003W",0.0819718340,"C0000001H",0.2484228758,"OK"
"TSHD2026030900005995","LOREAL04H",0.4437812757,"LOREAL03G",0.6912746795,"OK"
"TSHE2026030500077565","LOREAL03H",0.1102664663,"LOREAL17H",0.1741049469,"OK"
"TSHE2026031000064852","LRLC0003W",0.1083933851,"LOREAL01G",0.1817847396,"OK"
"TSHE2026030500286229","LRLC0003W",0.1204635524,"LOREAL17H",0.0883358742,"OK"
"TSHE2026030800115294","C0000011W",0.4047536904,"C0000007H",0.4662650470,"OK"
"TSHD2026031100017910","LRLC0003W",0.1806364389,"LOREAL02L",0.2032159938,"OK"
"TSHE2026030200105336","LOREAL03H",0.3536254487,"LOREAL03G",0.3536254487,"OK"
"TSHD2026030100017762","LOREAL01H",0.0633368056,"C0000001H",0.1144533333,"OK"
"TSHD2026030500024922","LRLC0003W",0.3023033126,"LOREAL01G",0.5069878472,"OK"
"TSHD2026030100103972","LOREAL04H",0.2898969907,"C0000006H",0.4188166989,"OK"
"TSHD2026030100092415","LRLC0003W",0.1183574879,"C0000001H",0.3586928105,"OK"
"TSHD2026022500044781","LOREAL04H",0.4566453333,"C0000006H",0.6597194768,"OK"
"TSHE2026030800127721","LRLC0003W",0.3517159541,"LOREAL02L",0.3956804484,"OK"
"TSHE2026030100084574","C0000011W",0.5476221040,"LRLF0005L",0.4716738381,"OK"
"TSHD2026030800019025","LOREAL03H",0.2487117388,"LOREAL03G",0.2487117388,"OK"
"TSHD2026030600103429","LRLC0003W",0.2480427881,"LOREAL02L",0.2790481366,"OK"
"TSHD2026030700026678","LRLC0003W",0.2049151139,"LOREAL01G",0.3436597222,"OK"
"TSHD2026030200009248","LOREAL04H",0.2898969907,"C0000006H",0.4188166989,"OK"
"TSHE2026030500177390","C0000011W",0.4994350890,"C0000011W",0.4994350890,"OK"
"TSHE2026031100006088","LRLC0003W",0.2518315511,"LOREAL01G",0.4223424971,"OK"
"TSHD2026022500120112","LOREAL04H",0.5157552469,"C0000007H",0.6086494263,"OK"
"TSHD2026030600047154","LOREAL03H",0.1503527244,"LOREAL02L",0.3642084627,"OK"
"TSHE2026030800245621","LRLC0003W",0.2831684351,"LOREAL17H",0.2076472988,"OK"
"TSHD2026030600059721","LOREAL01H",0.0633368056,"C0000001H",0.1144533333,"OK"
"TSHD2026030700054587","LOREAL03H",0.1839785256,"LOREAL02L",0.4456622671,"OK"
"TSHE2026030600153564","LOREAL03H",0.1415887037,"LOREAL02L",0.3429788474,"OK"
"TSHD2026030400014105","LOREAL03H",0.2307413462,"LOREAL02L",0.5589386646,"OK"
"TSHD2026030100017583","LOREAL03H",0.3324073397,"LRLC0003W",0.7157425121,"OK"
"TSHE2026030600009668","LRLC0003W",0.1242730159,"LOREAL01G",0.2084162037,"OK"
"TSHE2026030600100690","LRLC0003W",0.1083933851,"LOREAL01G",0.1817847396,"OK"
"TSHD2026030600097068","LRLC0003W",0.1978047360,"C0000001H",0.5994647059,"OK"
"TSHD2026030100043093","LRLC0003W",0.3328853951,"LOREAL02L",0.3744960695,"OK"
"TSHD2026022500116446","LRLC0003W",0.1978047360,"C0000001H",0.5994647059,"OK"
"TSHD2026030700024922","LRLC0003W",0.1183574879,"C0000001H",0.3586928105,"OK"
"TSHD2026030400045540","LRLC0003W",0.4190144928,"LOREAL02L",0.4713913043,"OK"
"TSHE2026030500267673","LRLC0003W",0.1924495342,"C0000001H",0.5832352941,"OK"
"TSHD2026022700026665","LOREAL04H",0.3848961399,"C0000006H",0.5560627943,"OK"
"TSHD2026030900026915","C0000011W",0.4994350890,"C0000011W",0.4994350890,"OK"
"TSHD2026030100104041","LOREAL04H",0.3074979938,"LOREAL03G",0.4789872596,"OK"
"TSHD2026031000037232","LOREAL01H",0.0157013333,"C0000001H",0.0283732329,"OK"
"TSHD2026030300061172","LOREAL03H",0.1535578526,"LOREAL02L",0.3719724379,"OK"
"TSHE2026031000056012","LOREAL03H",0.1650000000,"LOREAL02L",0.3996894410,"OK"
"TSHE2026030800253991","LRLC0003W",0.0925375259,"LOREAL17H",0.0678577303,"OK"
"TSHD2026030800090534","LOREAL03H",0.3021762821,"LOREAL03G",0.3021762821,"OK"
"TSHE2026030800177955","LRLC0003W",0.2831684351,"LOREAL17H",0.2076472988,"OK"
"TSHD2026022800080979","LOREAL03H",0.1503527244,"LOREAL02L",0.3642084627,"OK"
"TSHE2026030500050266","LOREAL01H",0.1112997685,"C0000001H",0.2011252288,"OK"
"TSHD2026030700017117","LRLC0003W",0.3328853951,"LOREAL02L",0.3744960695,"OK"
"TSHE2026030800211931","LRLC0003W",0.2831684351,"LOREAL17H",0.2076472988,"OK"
"TSHE2026030600006741","LRLC0003W",0.1924495342,"C0000001H",0.5832352941,"OK"
"TSHE2026030300066092","C0000011W",0.9245780557,"LRLC0010H",0.1927273047,"OK"
"TSHE2026030900065717","LRLC0003W",0.1297802622,"LOREAL01G",0.2176523148,"OK"
"TSHD2026030900084799","LOREAL04H",0.4405183128,"C0000006H",0.6364206302,"OK"
"TSHE2026030600084981","C0000011W",0.0759137541,"LOREAL01G",0.4168324074,"OK"
"TSHE2026030600019621","LOREAL04H",0.4222049383,"LOREAL03G",0.6576653846,"OK"
"TSHE2026030900078738","LOREAL04H",0.3745015432,"C0000006H",0.5410456302,"OK"
"TSHE2026030400149916","LRLC0003W",0.1924495342,"C0000001H",0.5832352941,"OK"
"TSHE2026030400010307","LRLC0003W",0.3048700866,"LOREAL02L",0.3429788474,"OK"
"TSHD2026030600071994","LOREAL01H",0.0633368056,"C0000001H",0.1144533333,"OK"
"TSHE2026030500127133","C0000011W",0.4994350890,"C0000011W",0.4994350890,"OK"
"TSHD2026030400062278","LOREAL03H",0.5183086154,"LOREAL03G",0.5183086154,"OK"
"TSHD2026030600102785","LOREAL03H",0.6206371556,"LOREAL03G",0.6206371556,"OK"
"TSHD2026030800080084","C0000011W",0.5320507956,"LRLF0005L",0.4582620733,"OK"
"TSHD2026030200000974","LRLC0003W",0.1978047360,"C0000001H",0.5994647059,"OK"
"TSHD2026030900006511","LOREAL04H",0.4566453333,"C0000006H",0.6597194768,"OK"
"TSHE2026030500052677","LRLC0003W",0.1924495342,"C0000001H",0.5832352941,"OK"
"TSHE2026030700154768","LRLC0003W",0.2831684351,"LOREAL17H",0.2076472988,"OK"
"TSHE2026030800213054","LOREAL04H",0.4852400412,"C0000011W",0.4970935750,"OK"
"TSHD2026030800126180","LOREAL01H",0.1003449074,"C0000001H",0.1813291503,"OK"
"TSHD2026030800062499","LOREAL01H",0.0633368056,"C0000001H",0.1144533333,"OK"
"TSHD2026030600013549","LRLC0003W",0.1978047360,"C0000001H",0.5994647059,"OK"
"TSHD2026030800040886","LRLC0003W",0.2134596273,"LOREAL01G",0.3579895833,"OK"
"TSHD2026030900030051","LRLC0003W",0.4958771567,"LRLC0003W",0.4958771567,"OK"
"TSHE2026030800190471","LRLC0003W",0.2493792271,"LOREAL01G",0.4182297454,"OK"
"TSHD2026031100014076","LRLC0003W",0.1269789510,"LOREAL01G",0.2129542824,"OK"
"TSHE2026030100046786","LRLC0003W",0.2249561767,"LOREAL01G",0.3772702546,"OK"
"TSHD2026022700073545","LOREAL04H",0.3848961399,"C0000006H",0.5560627943,"OK"
"TSHD2026030100079792","LOREAL01H",0.1560000000,"C0000001H",0.2819011765,"OK"
"TSHD2026030300077764","LRLC0003W",0.3517159541,"LOREAL02L",0.3956804484,"OK"
"TSHD2026030700077729","LOREAL04H",0.4437812757,"LOREAL03G",0.6912746795,"OK"
"TSHD2026030800084363","C0000009W",0.1602585526,"LOREAL17H",0.8304775405,"OK"
"TSHD2026030800036447","LRLC0003W",0.2170341615,"LOREAL01G",0.3639843750,"OK"
"TSHE2026030800065734","LOREAL01H",0.0633368056,"C0000001H",0.1144533333,"OK"
"TSHD2026022600094186","LOREAL03H",0.1983844151,"LOREAL17H",0.3132385501,"OK"
"TSHD2026030800065668","LRLC0003W",0.1722562974,"C0000001H",0.5220379085,"OK"
"TSHD2026030200061775","LOREAL04H",0.4996129630,"LOREAL03G",0.7782432692,"OK"
"TSHE2026030600127161","LOREAL03H",0.3324073397,"LRLC0003W",0.7157425121,"OK"
"TSHD2026022500106263","C0000011W",0.4994350890,"C0000011W",0.4994350890,"OK"
"TSHE2026030600019630","LRLC0003W",0.1587439614,"LOREAL01G",0.2662268519,"OK"
"TSHD2026030400040091","LRLC0003W",0.1978047360,"C0000001H",0.5994647059,"OK"
"TSHD2026022500120593","LRLC0003W",0.1978047360,"C0000001H",0.5994647059,"OK"
"TSHD2026030600099727","LRLC0003W",0.1343944099,"C0000001H",0.4072941176,"OK"
"TSHE2026030900095033","LOREAL03H",0.1229567308,"LOREAL17H",0.1941422065,"OK"
"TSHD2026022500151154","LOREAL06H",0.6663022466,"C0000009H",0.7472584683,"OK"
"TSHD2026030700061935","C0000009W",0.0000000000,"C0000001H",0.0000000000,"OK"
"TSHE2026030400050402","C0000009W",0.3648876514,"LOREAL04G",0.7688055556,"OK"
"TSHE2026030700003476","LRLC0003W",0.3517159541,"LOREAL02L",0.3956804484,"OK"
"TSHD2026030700052687","LRLC0003W",0.1978047360,"C0000001H",0.5994647059,"OK"
"TSHE2026030900135743","LOREAL03H",0.1415887037,"LOREAL02L",0.3429788474,"OK"
"TSHD2026031000061208","LOREAL03H",0.3892000000,"LOREAL17H",0.6145263158,"OK"
"TSHE2026030200079612","LRLC0003W",0.3248301587,"LOREAL02L",0.3654339286,"OK"
"TSHE2026030700174703","LOREAL04H",0.5851279424,"C0000011W",0.5994215564,"OK"
"TSHE2026030300044811","LOREAL04H",0.3960884774,"C0000006H",0.5722324614,"OK"
"TSHD2026030900084535","LOREAL04H",0.4405183128,"C0000006H",0.6364206302,"OK"
"TSHE2026030700091348","LOREAL03H",0.1415887037,"LOREAL02L",0.3429788474,"OK"
"TSHD2026022800090408","LOREAL03H",0.3021762821,"LOREAL03G",0.3021762821,"OK"
"TSHE2026030500052762","LRLC0003W",0.1924495342,"C0000001H",0.5832352941,"OK"
"TSHE2026030800236149","C0000011W",0.7382881088,"LOREAL05G",0.5112421544,"OK"
"TSHD2026030700062517","LRLC0003W",0.2270669427,"LOREAL01G",0.3808101852,"OK"
"TSHD2026030500014620","LRLC0003W",0.1687828675,"C0000001H",0.5115113725,"OK"
"TSHD2026030900081630","LOREAL04H",0.4405183128,"C0000006H",0.6364206302,"OK"
"TSHD2026031000066436","LRLC0003W",0.4190144928,"LOREAL02L",0.4713913043,"OK"
"TSHE2026030500288559","LRLC0003W",0.3930023723,"LOREAL03G",0.1825193710,"OK"
"TSHD2026030100109850","LRLC0003W",0.1839275362,"LOREAL01G",0.3084618056,"OK"
"TSHD2026022500127093","LOREAL04H",0.5157552469,"C0000007H",0.6086494263,"OK"
"TSHE2026030400101868","LRLC0003W",0.2374267598,"LOREAL17H",0.1741049469,"OK"
"TSHD2026030900092908","LOREAL01H",0.2429050926,"C0000001H",0.4389437908,"OK"
"TSHE2026030200093945","LOREAL04H",0.4666517490,"C0000007H",0.5507017544,"OK"
"TSHE2026030100091472","LOREAL04H",0.4004663786,"C0000006H",0.5785572533,"OK"
"TSHD2026030800027039","LOREAL01H",0.0633368056,"C0000001H",0.1144533333,"OK"
"TSHD2026030700079044","LOREAL04H",0.3923904321,"C0000007H",0.4630650155,"OK"
"TSHE2026030200078299","LOREAL03H",0.4389286154,"LOREAL03G",0.4389286154,"OK"
"TSHE2026030500222632","C0000011W",0.4994350890,"C0000011W",0.4994350890,"OK"
"TSHD2026030200026427","LRLC0003W",0.1904692892,"LOREAL01G",0.3194328704,"OK"
"TSHD2026030400054823","C0000009W",0.3011152360,"LRLF0005L",0.5597993827,"OK"
"TSHE2026030100000121","LOREAL04H",0.3846772634,"C0000006H",0.5557465815,"OK"
"TSHE2026030600127455","LRLC0003W",0.2831684351,"LOREAL17H",0.2076472988,"OK"
"TSHD2026030400011459","LOREAL01H",0.0633368056,"C0000001H",0.1144533333,"OK"
"TSHD2026022500053743","LOREAL04H",0.3327413333,"LOREAL03G",0.5183086154,"OK"
"TSHD2026022700095939","LOREAL03H",0.1983844151,"LOREAL17H",0.3132385501,"OK"
"TSHD2026031000070247","LOREAL03H",0.2582692308,"LOREAL02L",0.6256211180,"OK"
"TSHE2026030500223998","C0000011W",0.4994350890,"C0000011W",0.4994350890,"OK"
"TSHD2026030100059795","LRLC0003W",0.1978047360,"C0000001H",0.5994647059,"OK"
"TSHE2026030400053303","LOREAL01H",0.1112997685,"C0000001H",0.2011252288,"OK"
"TSHD2026022700003081","LOREAL04H",0.3327413333,"LOREAL03G",0.5183086154,"OK"
"TSHE2026030800211292","LOREAL03H",0.1825193710,"LOREAL03G",0.1825193710,"OK"
"TSHD2026030800023611","LRLC0003W",0.1904692892,"LOREAL01G",0.3194328704,"OK"
"TSHD2026030200082937","LRLC0003W",0.1653672981,"LOREAL01G",0.2773347396,"OK"
"TSHD2026030700023599","LOREAL03H",0.0981871795,"LOREAL17H",0.1550323887,"OK"
"TSHD2026022500045352","LOREAL04H",0.4437812757,"LOREAL03G",0.6912746795,"OK"
"TSHD2026030800090042","LOREAL01H",0.0633368056,"C0000001H",0.1144533333,"OK"
"TSHE2026030500213173","C0000011W",0.4994350890,"C0000011W",0.4994350890,"OK"
"TSHE2026030800203324","LRLC0003W",0.1083933851,"LOREAL01G",0.1817847396,"OK"
"TSHD2026030600039552","LOREAL01H",0.2429050926,"C0000001H",0.4389437908,"OK"
"TSHD2026030900078527","LOREAL04H",0.4405183128,"C0000006H",0.6364206302,"OK"
"TSHE2026030600007131","LRLC0003W",0.1083933851,"LOREAL01G",0.1817847396,"OK"
"TSHE2026030600034852","LRLC0003W",0.3740085835,"LOREAL02L",0.4207596564,"OK"
"TSHE2026030200037466","C0000011W",0.7382881088,"LOREAL05G",0.5112421544,"OK"
"TSHE2026030700100651","LRLC0003W",0.2831684351,"LOREAL17H",0.2076472988,"OK"
